supplier_name,facility_name,risk_type,risk_level,risk_confidence,risk_trend,timeframe,annual_landslide_frequency_per_sqkm,source_dataset_hazard_band,nearest_mapped_landslide_km,trend_change_signal,context,monitoring_signals
Garmin International,Global Headquarters,Landslide,Low,Medium,Stable,Within 12 Months,< 0.001 (below dataset threshold),Below dataset minimum coverage threshold,Match distance: N/Akm,No material change signal within this horizon,Facility location falls below the source dataset minimum coverage threshold (annual frequency < 0.001 events/sq.km = below Moderate per Table 6). Assigned 'Low' as the conservative upper bound for sub-Moderate terrain. Predominantly flat or low-relief terrain with negligible measured landslide frequency.,IPCC AR6 regional precipitation projections; NASA GEOS-5 extreme rainfall event frequency; national geological survey landslide inventory updates
Garmin International,Olathe Manufacturing,Landslide,Low,Medium,Stable,Within 12 Months,< 0.001 (below dataset threshold),Below dataset minimum coverage threshold,Match distance: N/Akm,No material change signal within this horizon,Facility location falls below the source dataset minimum coverage threshold (annual frequency < 0.001 events/sq.km = below Moderate per Table 6). Assigned 'Low' as the conservative upper bound for sub-Moderate terrain. Predominantly flat or low-relief terrain with negligible measured landslide frequency.,IPCC AR6 regional precipitation projections; NASA GEOS-5 extreme rainfall event frequency; national geological survey landslide inventory updates
Garmin International,Garmin Salem,Landslide,Low,Medium,Stable,Within 12 Months,< 0.001 (below dataset threshold),Below dataset minimum coverage threshold,Match distance: N/Akm,No material change signal within this horizon,Facility location falls below the source dataset minimum coverage threshold (annual frequency < 0.001 events/sq.km = below Moderate per Table 6). Assigned 'Low' as the conservative upper bound for sub-Moderate terrain. Predominantly flat or low-relief terrain with negligible measured landslide frequency.,IPCC AR6 regional precipitation projections; NASA GEOS-5 extreme rainfall event frequency; national geological survey landslide inventory updates
Garmin International,Garmin Chandler,Landslide,Low,Medium,Stable,Within 12 Months,< 0.001 (below dataset threshold),Below dataset minimum coverage threshold,Match distance: N/Akm,No material change signal within this horizon,Facility location falls below the source dataset minimum coverage threshold (annual frequency < 0.001 events/sq.km = below Moderate per Table 6). Assigned 'Low' as the conservative upper bound for sub-Moderate terrain. Predominantly flat or low-relief terrain with negligible measured landslide frequency.,IPCC AR6 regional precipitation projections; NASA GEOS-5 extreme rainfall event frequency; national geological survey landslide inventory updates
Garmin International,Lin Kou Plant (Taiwan),Landslide,Critical,High,Stable,Within 12 Months,0.191712,Very High,Match distance: 0.197km,No material change signal within this horizon,Historical landslide hazard score maintained under persistence rule. No documented climate-change-driven frequency increase for this region.,IPCC AR6 regional precipitation projections; NASA GEOS-5 extreme rainfall event frequency; national geological survey landslide inventory updates
Garmin International,Zhongli Plant (Taiwan),Landslide,Very High,High,Stable,Within 12 Months,0.016574,Medium to High,Match distance: 0.522km,No material change signal within this horizon,Historical landslide hazard score maintained under persistence rule. No documented climate-change-driven frequency increase for this region.,IPCC AR6 regional precipitation projections; NASA GEOS-5 extreme rainfall event frequency; national geological survey landslide inventory updates
Garmin International,Tainan Plant (Taiwan),Landslide,Very High,High,Stable,Within 12 Months,0.060396,High,Match distance: 0.430km,No material change signal within this horizon,Historical landslide hazard score maintained under persistence rule. No documented climate-change-driven frequency increase for this region.,IPCC AR6 regional precipitation projections; NASA GEOS-5 extreme rainfall event frequency; national geological survey landslide inventory updates
Garmin International,Garmin Europe HQ,Landslide,Low,Medium,Stable,Within 12 Months,< 0.001 (below dataset threshold),Below dataset minimum coverage threshold,Match distance: N/Akm,No material change signal within this horizon,Facility location falls below the source dataset minimum coverage threshold (annual frequency < 0.001 events/sq.km = below Moderate per Table 6). Assigned 'Low' as the conservative upper bound for sub-Moderate terrain. Predominantly flat or low-relief terrain with negligible measured landslide frequency.,IPCC AR6 regional precipitation projections; NASA GEOS-5 extreme rainfall event frequency; national geological survey landslide inventory updates
Garmin International,Würzburg R&D (Germany),Landslide,High,High,Stable,Within 12 Months,0.003910,Medium,Match distance: 2.589km,No material change signal within this horizon,Historical landslide hazard score maintained under persistence rule. No documented climate-change-driven frequency increase for this region.,IPCC AR6 regional precipitation projections; NASA GEOS-5 extreme rainfall event frequency; national geological survey landslide inventory updates
Garmin International,Garmin Cluj (Romania),Landslide,High,High,Stable,Within 12 Months,0.003825,Medium,Match distance: 1.759km,No material change signal within this horizon,Historical landslide hazard score maintained under persistence rule. No documented climate-change-driven frequency increase for this region.,IPCC AR6 regional precipitation projections; NASA GEOS-5 extreme rainfall event frequency; national geological survey landslide inventory updates
Garmin International,Garmin Singapore,Landslide,Very High,High,Stable,Within 12 Months,0.024291,Medium to High,Match distance: 0.536km,No material change signal within this horizon,Historical landslide hazard score maintained under persistence rule. No documented climate-change-driven frequency increase for this region.,IPCC AR6 regional precipitation projections; NASA GEOS-5 extreme rainfall event frequency; national geological survey landslide inventory updates
Garmin International,Garmin Birtley (UK),Landslide,Low,Medium,Stable,Within 12 Months,< 0.001 (below dataset threshold),Below dataset minimum coverage threshold,Match distance: N/Akm,No material change signal within this horizon,Facility location falls below the source dataset minimum coverage threshold (annual frequency < 0.001 events/sq.km = below Moderate per Table 6). Assigned 'Low' as the conservative upper bound for sub-Moderate terrain. Predominantly flat or low-relief terrain with negligible measured landslide frequency.,IPCC AR6 regional precipitation projections; NASA GEOS-5 extreme rainfall event frequency; national geological survey landslide inventory updates
Garmin International,Garmin Australasia,Landslide,Medium,High,Stable,Within 12 Months,0.001890,Moderate,Match distance: 1.557km,No material change signal within this horizon,Historical landslide hazard score maintained under persistence rule. No documented climate-change-driven frequency increase for this region.,IPCC AR6 regional precipitation projections; NASA GEOS-5 extreme rainfall event frequency; national geological survey landslide inventory updates
Techtronic Industries,TTI Innovation Center,Landslide,Low,Medium,Stable,Within 12 Months,< 0.001 (below dataset threshold),Below dataset minimum coverage threshold,Match distance: N/Akm,No material change signal within this horizon,Facility location falls below the source dataset minimum coverage threshold (annual frequency < 0.001 events/sq.km = below Moderate per Table 6). Assigned 'Low' as the conservative upper bound for sub-Moderate terrain. Predominantly flat or low-relief terrain with negligible measured landslide frequency.,IPCC AR6 regional precipitation projections; NASA GEOS-5 extreme rainfall event frequency; national geological survey landslide inventory updates
Techtronic Industries,Milwaukee Tool Global HQ,Landslide,Low,Medium,Stable,Within 12 Months,< 0.001 (below dataset threshold),Below dataset minimum coverage threshold,Match distance: N/Akm,No material change signal within this horizon,Facility location falls below the source dataset minimum coverage threshold (annual frequency < 0.001 events/sq.km = below Moderate per Table 6). Assigned 'Low' as the conservative upper bound for sub-Moderate terrain. Predominantly flat or low-relief terrain with negligible measured landslide frequency.,IPCC AR6 regional precipitation projections; NASA GEOS-5 extreme rainfall event frequency; national geological survey landslide inventory updates
Techtronic Industries,Milwaukee Tool Jackson Plant,Landslide,Low,Medium,Stable,Within 12 Months,< 0.001 (below dataset threshold),Below dataset minimum coverage threshold,Match distance: N/Akm,No material change signal within this horizon,Facility location falls below the source dataset minimum coverage threshold (annual frequency < 0.001 events/sq.km = below Moderate per Table 6). Assigned 'Low' as the conservative upper bound for sub-Moderate terrain. Predominantly flat or low-relief terrain with negligible measured landslide frequency.,IPCC AR6 regional precipitation projections; NASA GEOS-5 extreme rainfall event frequency; national geological survey landslide inventory updates
Techtronic Industries,Milwaukee Tool Grenada Plant,Landslide,Low,Medium,Stable,Within 12 Months,< 0.001 (below dataset threshold),Below dataset minimum coverage threshold,Match distance: N/Akm,No material change signal within this horizon,Facility location falls below the source dataset minimum coverage threshold (annual frequency < 0.001 events/sq.km = below Moderate per Table 6). Assigned 'Low' as the conservative upper bound for sub-Moderate terrain. Predominantly flat or low-relief terrain with negligible measured landslide frequency.,IPCC AR6 regional precipitation projections; NASA GEOS-5 extreme rainfall event frequency; national geological survey landslide inventory updates
Techtronic Industries,Milwaukee Tool Greenwood Plant,Landslide,Low,Medium,Stable,Within 12 Months,< 0.001 (below dataset threshold),Below dataset minimum coverage threshold,Match distance: N/Akm,No material change signal within this horizon,Facility location falls below the source dataset minimum coverage threshold (annual frequency < 0.001 events/sq.km = below Moderate per Table 6). Assigned 'Low' as the conservative upper bound for sub-Moderate terrain. Predominantly flat or low-relief terrain with negligible measured landslide frequency.,IPCC AR6 regional precipitation projections; NASA GEOS-5 extreme rainfall event frequency; national geological survey landslide inventory updates
Techtronic Industries,Milwaukee Tool Olive Branch DC,Landslide,Low,Medium,Stable,Within 12 Months,< 0.001 (below dataset threshold),Below dataset minimum coverage threshold,Match distance: N/Akm,No material change signal within this horizon,Facility location falls below the source dataset minimum coverage threshold (annual frequency < 0.001 events/sq.km = below Moderate per Table 6). Assigned 'Low' as the conservative upper bound for sub-Moderate terrain. Predominantly flat or low-relief terrain with negligible measured landslide frequency.,IPCC AR6 regional precipitation projections; NASA GEOS-5 extreme rainfall event frequency; national geological survey landslide inventory updates
Techtronic Industries,Milwaukee Tool Clinton Plant,Landslide,Low,Medium,Stable,Within 12 Months,< 0.001 (below dataset threshold),Below dataset minimum coverage threshold,Match distance: N/Akm,No material change signal within this horizon,Facility location falls below the source dataset minimum coverage threshold (annual frequency < 0.001 events/sq.km = below Moderate per Table 6). Assigned 'Low' as the conservative upper bound for sub-Moderate terrain. Predominantly flat or low-relief terrain with negligible measured landslide frequency.,IPCC AR6 regional precipitation projections; NASA GEOS-5 extreme rainfall event frequency; national geological survey landslide inventory updates
Techtronic Industries,Milwaukee Tool West Bend,Landslide,Low,Medium,Stable,Within 12 Months,< 0.001 (below dataset threshold),Below dataset minimum coverage threshold,Match distance: N/Akm,No material change signal within this horizon,Facility location falls below the source dataset minimum coverage threshold (annual frequency < 0.001 events/sq.km = below Moderate per Table 6). Assigned 'Low' as the conservative upper bound for sub-Moderate terrain. Predominantly flat or low-relief terrain with negligible measured landslide frequency.,IPCC AR6 regional precipitation projections; NASA GEOS-5 extreme rainfall event frequency; national geological survey landslide inventory updates
Techtronic Industries,Empire Level (Subsidiary),Landslide,Low,Medium,Stable,Within 12 Months,< 0.001 (below dataset threshold),Below dataset minimum coverage threshold,Match distance: N/Akm,No material change signal within this horizon,Facility location falls below the source dataset minimum coverage threshold (annual frequency < 0.001 events/sq.km = below Moderate per Table 6). Assigned 'Low' as the conservative upper bound for sub-Moderate terrain. Predominantly flat or low-relief terrain with negligible measured landslide frequency.,IPCC AR6 regional precipitation projections; NASA GEOS-5 extreme rainfall event frequency; national geological survey landslide inventory updates
Techtronic Industries,Milwaukee Tool Torreon,Landslide,High,High,Stable,Within 12 Months,0.003513,Medium,Match distance: 10.539km,No material change signal within this horizon,Historical landslide hazard score maintained under persistence rule. No documented climate-change-driven frequency increase for this region.,IPCC AR6 regional precipitation projections; NASA GEOS-5 extreme rainfall event frequency; national geological survey landslide inventory updates
Techtronic Industries,TTI Floor Care N.A.,Landslide,Very High,High,Stable,Within 12 Months,0.023593,Medium to High,Match distance: 10.509km,No material change signal within this horizon,Historical landslide hazard score maintained under persistence rule. No documented climate-change-driven frequency increase for this region.,IPCC AR6 regional precipitation projections; NASA GEOS-5 extreme rainfall event frequency; national geological survey landslide inventory updates
Techtronic Industries,TTI Dongguan Hub,Landslide,Medium,High,Stable,Within 12 Months,0.001201,Moderate,Match distance: 0.546km,No material change signal within this horizon,Baseline score maintained within 12-month horizon; no acute uplift expected in this timeframe.,IPCC AR6 regional precipitation projections; NASA GEOS-5 extreme rainfall event frequency; national geological survey landslide inventory updates
Techtronic Industries,TTI Vietnam (SHTP),Landslide,Low,Medium,Stable,Within 12 Months,< 0.001 (below dataset threshold),Below dataset minimum coverage threshold,Match distance: N/Akm,No material change signal within this horizon,Facility location falls below the source dataset minimum coverage threshold (annual frequency < 0.001 events/sq.km = below Moderate per Table 6). Assigned 'Low' as the conservative upper bound for sub-Moderate terrain. Predominantly flat or low-relief terrain with negligible measured landslide frequency.,IPCC AR6 regional precipitation projections; NASA GEOS-5 extreme rainfall event frequency; national geological survey landslide inventory updates
Techtronic Industries,DreBo Werkzeugfabrik,Landslide,High,High,Stable,Within 12 Months,0.004354,Medium,Match distance: 6.395km,No material change signal within this horizon,Historical landslide hazard score maintained under persistence rule. No documented climate-change-driven frequency increase for this region.,IPCC AR6 regional precipitation projections; NASA GEOS-5 extreme rainfall event frequency; national geological survey landslide inventory updates
Techtronic Industries,Ryobi Die Casting (USA),Landslide,Low,Medium,Stable,Within 12 Months,< 0.001 (below dataset threshold),Below dataset minimum coverage threshold,Match distance: N/Akm,No material change signal within this horizon,Facility location falls below the source dataset minimum coverage threshold (annual frequency < 0.001 events/sq.km = below Moderate per Table 6). Assigned 'Low' as the conservative upper bound for sub-Moderate terrain. Predominantly flat or low-relief terrain with negligible measured landslide frequency.,IPCC AR6 regional precipitation projections; NASA GEOS-5 extreme rainfall event frequency; national geological survey landslide inventory updates
"S.C. Johnson & Son, Inc.",Global Corporate HQ,Landslide,Low,Medium,Stable,Within 12 Months,< 0.001 (below dataset threshold),Below dataset minimum coverage threshold,Match distance: N/Akm,No material change signal within this horizon,Facility location falls below the source dataset minimum coverage threshold (annual frequency < 0.001 events/sq.km = below Moderate per Table 6). Assigned 'Low' as the conservative upper bound for sub-Moderate terrain. Predominantly flat or low-relief terrain with negligible measured landslide frequency.,IPCC AR6 regional precipitation projections; NASA GEOS-5 extreme rainfall event frequency; national geological survey landslide inventory updates
"S.C. Johnson & Son, Inc.",Waxdale Facility,Landslide,Low,Medium,Stable,Within 12 Months,< 0.001 (below dataset threshold),Below dataset minimum coverage threshold,Match distance: N/Akm,No material change signal within this horizon,Facility location falls below the source dataset minimum coverage threshold (annual frequency < 0.001 events/sq.km = below Moderate per Table 6). Assigned 'Low' as the conservative upper bound for sub-Moderate terrain. Predominantly flat or low-relief terrain with negligible measured landslide frequency.,IPCC AR6 regional precipitation projections; NASA GEOS-5 extreme rainfall event frequency; national geological survey landslide inventory updates
"S.C. Johnson & Son, Inc.",Ziploc Bay City Plant,Landslide,Low,Medium,Stable,Within 12 Months,< 0.001 (below dataset threshold),Below dataset minimum coverage threshold,Match distance: N/Akm,No material change signal within this horizon,Facility location falls below the source dataset minimum coverage threshold (annual frequency < 0.001 events/sq.km = below Moderate per Table 6). Assigned 'Low' as the conservative upper bound for sub-Moderate terrain. Predominantly flat or low-relief terrain with negligible measured landslide frequency.,IPCC AR6 regional precipitation projections; NASA GEOS-5 extreme rainfall event frequency; national geological survey landslide inventory updates
"S.C. Johnson & Son, Inc.",North America HQ,Landslide,Low,Medium,Stable,Within 12 Months,< 0.001 (below dataset threshold),Below dataset minimum coverage threshold,Match distance: N/Akm,No material change signal within this horizon,Facility location falls below the source dataset minimum coverage threshold (annual frequency < 0.001 events/sq.km = below Moderate per Table 6). Assigned 'Low' as the conservative upper bound for sub-Moderate terrain. Predominantly flat or low-relief terrain with negligible measured landslide frequency.,IPCC AR6 regional precipitation projections; NASA GEOS-5 extreme rainfall event frequency; national geological survey landslide inventory updates
"S.C. Johnson & Son, Inc.","Method ""Soapbox""",Landslide,Low,Medium,Stable,Within 12 Months,< 0.001 (below dataset threshold),Below dataset minimum coverage threshold,Match distance: N/Akm,No material change signal within this horizon,Facility location falls below the source dataset minimum coverage threshold (annual frequency < 0.001 events/sq.km = below Moderate per Table 6). Assigned 'Low' as the conservative upper bound for sub-Moderate terrain. Predominantly flat or low-relief terrain with negligible measured landslide frequency.,IPCC AR6 regional precipitation projections; NASA GEOS-5 extreme rainfall event frequency; national geological survey landslide inventory updates
"S.C. Johnson & Son, Inc.",SC Johnson Professional HQ,Landslide,Very High,High,Stable,Within 12 Months,0.023739,Medium to High,Match distance: 7.756km,No material change signal within this horizon,Historical landslide hazard score maintained under persistence rule. No documented climate-change-driven frequency increase for this region.,IPCC AR6 regional precipitation projections; NASA GEOS-5 extreme rainfall event frequency; national geological survey landslide inventory updates
"S.C. Johnson & Son, Inc.",Stanley Plant (SCJP),Landslide,High,High,Stable,Within 12 Months,0.005028,Medium,Match distance: 6.114km,No material change signal within this horizon,Historical landslide hazard score maintained under persistence rule. No documented climate-change-driven frequency increase for this region.,IPCC AR6 regional precipitation projections; NASA GEOS-5 extreme rainfall event frequency; national geological survey landslide inventory updates
"S.C. Johnson & Son, Inc.",SCJ Europlant,Landslide,Low,Medium,Stable,Within 12 Months,< 0.001 (below dataset threshold),Below dataset minimum coverage threshold,Match distance: N/Akm,No material change signal within this horizon,Facility location falls below the source dataset minimum coverage threshold (annual frequency < 0.001 events/sq.km = below Moderate per Table 6). Assigned 'Low' as the conservative upper bound for sub-Moderate terrain. Predominantly flat or low-relief terrain with negligible measured landslide frequency.,IPCC AR6 regional precipitation projections; NASA GEOS-5 extreme rainfall event frequency; national geological survey landslide inventory updates
"S.C. Johnson & Son, Inc.",European Headquarters (Rolle),Landslide,Very High,High,Stable,Within 12 Months,0.025483,Medium to High,Match distance: 1.201km,No material change signal within this horizon,Historical landslide hazard score maintained under persistence rule. No documented climate-change-driven frequency increase for this region.,IPCC AR6 regional precipitation projections; NASA GEOS-5 extreme rainfall event frequency; national geological survey landslide inventory updates
"S.C. Johnson & Son, Inc.",Gorzów Manufacturing,Landslide,Low,Medium,Stable,Within 12 Months,< 0.001 (below dataset threshold),Below dataset minimum coverage threshold,Match distance: N/Akm,No material change signal within this horizon,Facility location falls below the source dataset minimum coverage threshold (annual frequency < 0.001 events/sq.km = below Moderate per Table 6). Assigned 'Low' as the conservative upper bound for sub-Moderate terrain. Predominantly flat or low-relief terrain with negligible measured landslide frequency.,IPCC AR6 regional precipitation projections; NASA GEOS-5 extreme rainfall event frequency; national geological survey landslide inventory updates
"S.C. Johnson & Son, Inc.",Rosslyn Factory,Landslide,Low,Medium,Stable,Within 12 Months,< 0.001 (below dataset threshold),Below dataset minimum coverage threshold,Match distance: N/Akm,No material change signal within this horizon,Facility location falls below the source dataset minimum coverage threshold (annual frequency < 0.001 events/sq.km = below Moderate per Table 6). Assigned 'Low' as the conservative upper bound for sub-Moderate terrain. Predominantly flat or low-relief terrain with negligible measured landslide frequency.,IPCC AR6 regional precipitation projections; NASA GEOS-5 extreme rainfall event frequency; national geological survey landslide inventory updates
"S.C. Johnson & Son, Inc.",Shanghai Johnson Ltd,Landslide,Low,Medium,Stable,Within 12 Months,< 0.001 (below dataset threshold),Below dataset minimum coverage threshold,Match distance: N/Akm,No material change signal within this horizon,Facility location falls below the source dataset minimum coverage threshold (annual frequency < 0.001 events/sq.km = below Moderate per Table 6). Assigned 'Low' as the conservative upper bound for sub-Moderate terrain. Predominantly flat or low-relief terrain with negligible measured landslide frequency.,IPCC AR6 regional precipitation projections; NASA GEOS-5 extreme rainfall event frequency; national geological survey landslide inventory updates
"S.C. Johnson & Son, Inc.",SC Johnson Vietnam,Landslide,Low,Medium,Stable,Within 12 Months,< 0.001 (below dataset threshold),Below dataset minimum coverage threshold,Match distance: N/Akm,No material change signal within this horizon,Facility location falls below the source dataset minimum coverage threshold (annual frequency < 0.001 events/sq.km = below Moderate per Table 6). Assigned 'Low' as the conservative upper bound for sub-Moderate terrain. Predominantly flat or low-relief terrain with negligible measured landslide frequency.,IPCC AR6 regional precipitation projections; NASA GEOS-5 extreme rainfall event frequency; national geological survey landslide inventory updates
"S.C. Johnson & Son, Inc.",LATAM Regional HQ,Landslide,Low,Medium,Stable,Within 12 Months,< 0.001 (below dataset threshold),Below dataset minimum coverage threshold,Match distance: N/Akm,No material change signal within this horizon,Facility location falls below the source dataset minimum coverage threshold (annual frequency < 0.001 events/sq.km = below Moderate per Table 6). Assigned 'Low' as the conservative upper bound for sub-Moderate terrain. Predominantly flat or low-relief terrain with negligible measured landslide frequency.,IPCC AR6 regional precipitation projections; NASA GEOS-5 extreme rainfall event frequency; national geological survey landslide inventory updates
"S.C. Johnson & Son, Inc.",Pilar Manufacturing,Landslide,Low,Medium,Stable,Within 12 Months,< 0.001 (below dataset threshold),Below dataset minimum coverage threshold,Match distance: N/Akm,No material change signal within this horizon,Facility location falls below the source dataset minimum coverage threshold (annual frequency < 0.001 events/sq.km = below Moderate per Table 6). Assigned 'Low' as the conservative upper bound for sub-Moderate terrain. Predominantly flat or low-relief terrain with negligible measured landslide frequency.,IPCC AR6 regional precipitation projections; NASA GEOS-5 extreme rainfall event frequency; national geological survey landslide inventory updates
"S.C. Johnson & Son, Inc.",Toluca Plant,Landslide,High,High,Stable,Within 12 Months,0.004271,Medium,Match distance: 9.386km,No material change signal within this horizon,Historical landslide hazard score maintained under persistence rule. No documented climate-change-driven frequency increase for this region.,IPCC AR6 regional precipitation projections; NASA GEOS-5 extreme rainfall event frequency; national geological survey landslide inventory updates
"GOJO Industries, Inc.",Global Headquarters,Landslide,Low,Medium,Stable,Within 12 Months,< 0.001 (below dataset threshold),Below dataset minimum coverage threshold,Match distance: N/Akm,No material change signal within this horizon,Facility location falls below the source dataset minimum coverage threshold (annual frequency < 0.001 events/sq.km = below Moderate per Table 6). Assigned 'Low' as the conservative upper bound for sub-Moderate terrain. Predominantly flat or low-relief terrain with negligible measured landslide frequency.,IPCC AR6 regional precipitation projections; NASA GEOS-5 extreme rainfall event frequency; national geological survey landslide inventory updates
"GOJO Industries, Inc.",Lippman Campus (Stow),Landslide,Low,Medium,Stable,Within 12 Months,< 0.001 (below dataset threshold),Below dataset minimum coverage threshold,Match distance: N/Akm,No material change signal within this horizon,Facility location falls below the source dataset minimum coverage threshold (annual frequency < 0.001 events/sq.km = below Moderate per Table 6). Assigned 'Low' as the conservative upper bound for sub-Moderate terrain. Predominantly flat or low-relief terrain with negligible measured landslide frequency.,IPCC AR6 regional precipitation projections; NASA GEOS-5 extreme rainfall event frequency; national geological survey landslide inventory updates
"GOJO Industries, Inc.",Cuyahoga Falls Plant,Landslide,Low,Medium,Stable,Within 12 Months,< 0.001 (below dataset threshold),Below dataset minimum coverage threshold,Match distance: N/Akm,No material change signal within this horizon,Facility location falls below the source dataset minimum coverage threshold (annual frequency < 0.001 events/sq.km = below Moderate per Table 6). Assigned 'Low' as the conservative upper bound for sub-Moderate terrain. Predominantly flat or low-relief terrain with negligible measured landslide frequency.,IPCC AR6 regional precipitation projections; NASA GEOS-5 extreme rainfall event frequency; national geological survey landslide inventory updates
"GOJO Industries, Inc.",Wooster Facility,Landslide,Low,Medium,Stable,Within 12 Months,< 0.001 (below dataset threshold),Below dataset minimum coverage threshold,Match distance: N/Akm,No material change signal within this horizon,Facility location falls below the source dataset minimum coverage threshold (annual frequency < 0.001 events/sq.km = below Moderate per Table 6). Assigned 'Low' as the conservative upper bound for sub-Moderate terrain. Predominantly flat or low-relief terrain with negligible measured landslide frequency.,IPCC AR6 regional precipitation projections; NASA GEOS-5 extreme rainfall event frequency; national geological survey landslide inventory updates
"GOJO Industries, Inc.",Maple Heights Plant,Landslide,Low,Medium,Stable,Within 12 Months,< 0.001 (below dataset threshold),Below dataset minimum coverage threshold,Match distance: N/Akm,No material change signal within this horizon,Facility location falls below the source dataset minimum coverage threshold (annual frequency < 0.001 events/sq.km = below Moderate per Table 6). Assigned 'Low' as the conservative upper bound for sub-Moderate terrain. Predominantly flat or low-relief terrain with negligible measured landslide frequency.,IPCC AR6 regional precipitation projections; NASA GEOS-5 extreme rainfall event frequency; national geological survey landslide inventory updates
"GOJO Industries, Inc.",Ashland Dist. Center,Landslide,Low,Medium,Stable,Within 12 Months,< 0.001 (below dataset threshold),Below dataset minimum coverage threshold,Match distance: N/Akm,No material change signal within this horizon,Facility location falls below the source dataset minimum coverage threshold (annual frequency < 0.001 events/sq.km = below Moderate per Table 6). Assigned 'Low' as the conservative upper bound for sub-Moderate terrain. Predominantly flat or low-relief terrain with negligible measured landslide frequency.,IPCC AR6 regional precipitation projections; NASA GEOS-5 extreme rainfall event frequency; national geological survey landslide inventory updates
"GOJO Industries, Inc.",Navarre Warehouse,Landslide,Low,Medium,Stable,Within 12 Months,< 0.001 (below dataset threshold),Below dataset minimum coverage threshold,Match distance: N/Akm,No material change signal within this horizon,Facility location falls below the source dataset minimum coverage threshold (annual frequency < 0.001 events/sq.km = below Moderate per Table 6). Assigned 'Low' as the conservative upper bound for sub-Moderate terrain. Predominantly flat or low-relief terrain with negligible measured landslide frequency.,IPCC AR6 regional precipitation projections; NASA GEOS-5 extreme rainfall event frequency; national geological survey landslide inventory updates
"GOJO Industries, Inc.",GOJO Europe (UK HQ),Landslide,Low,Medium,Stable,Within 12 Months,< 0.001 (below dataset threshold),Below dataset minimum coverage threshold,Match distance: N/Akm,No material change signal within this horizon,Facility location falls below the source dataset minimum coverage threshold (annual frequency < 0.001 events/sq.km = below Moderate per Table 6). Assigned 'Low' as the conservative upper bound for sub-Moderate terrain. Predominantly flat or low-relief terrain with negligible measured landslide frequency.,IPCC AR6 regional precipitation projections; NASA GEOS-5 extreme rainfall event frequency; national geological survey landslide inventory updates
"GOJO Industries, Inc.",GOJO France SARL,Landslide,Low,Medium,Stable,Within 12 Months,< 0.001 (below dataset threshold),Below dataset minimum coverage threshold,Match distance: N/Akm,No material change signal within this horizon,Facility location falls below the source dataset minimum coverage threshold (annual frequency < 0.001 events/sq.km = below Moderate per Table 6). Assigned 'Low' as the conservative upper bound for sub-Moderate terrain. Predominantly flat or low-relief terrain with negligible measured landslide frequency.,IPCC AR6 regional precipitation projections; NASA GEOS-5 extreme rainfall event frequency; national geological survey landslide inventory updates
"GOJO Industries, Inc.",GOJO Australasia,Landslide,High,High,Stable,Within 12 Months,0.007602,Medium,Match distance: 7.243km,No material change signal within this horizon,Historical landslide hazard score maintained under persistence rule. No documented climate-change-driven frequency increase for this region.,IPCC AR6 regional precipitation projections; NASA GEOS-5 extreme rainfall event frequency; national geological survey landslide inventory updates
"GOJO Industries, Inc.","GOJO Japan, Inc.",Landslide,High,High,Stable,Within 12 Months,0.006226,Medium,Match distance: 0.590km,No material change signal within this horizon,Historical landslide hazard score maintained under persistence rule. No documented climate-change-driven frequency increase for this region.,IPCC AR6 regional precipitation projections; NASA GEOS-5 extreme rainfall event frequency; national geological survey landslide inventory updates
"GOJO Industries, Inc.",GOJO América Latina,Landslide,High,High,Stable,Within 12 Months,0.005708,Medium,Match distance: 9.246km,No material change signal within this horizon,Historical landslide hazard score maintained under persistence rule. No documented climate-change-driven frequency increase for this region.,IPCC AR6 regional precipitation projections; NASA GEOS-5 extreme rainfall event frequency; national geological survey landslide inventory updates
"GOJO Industries, Inc.",GOJO Canada Inc.,Landslide,Low,Medium,Stable,Within 12 Months,< 0.001 (below dataset threshold),Below dataset minimum coverage threshold,Match distance: N/Akm,No material change signal within this horizon,Facility location falls below the source dataset minimum coverage threshold (annual frequency < 0.001 events/sq.km = below Moderate per Table 6). Assigned 'Low' as the conservative upper bound for sub-Moderate terrain. Predominantly flat or low-relief terrain with negligible measured landslide frequency.,IPCC AR6 regional precipitation projections; NASA GEOS-5 extreme rainfall event frequency; national geological survey landslide inventory updates
Hangzhou Greatstar Industrial.Co.,Global Headquarters,Landslide,High,High,Stable,Within 12 Months,0.006587,Medium,Match distance: 9.521km,No material change signal within this horizon,Baseline score maintained within 12-month horizon; no acute uplift expected in this timeframe.,IPCC AR6 regional precipitation projections; NASA GEOS-5 extreme rainfall event frequency; national geological survey landslide inventory updates
Hangzhou Greatstar Industrial.Co.,GreatStar Industrial USA,Landslide,Low,Medium,Stable,Within 12 Months,< 0.001 (below dataset threshold),Below dataset minimum coverage threshold,Match distance: N/Akm,No material change signal within this horizon,Facility location falls below the source dataset minimum coverage threshold (annual frequency < 0.001 events/sq.km = below Moderate per Table 6). Assigned 'Low' as the conservative upper bound for sub-Moderate terrain. Predominantly flat or low-relief terrain with negligible measured landslide frequency.,IPCC AR6 regional precipitation projections; NASA GEOS-5 extreme rainfall event frequency; national geological survey landslide inventory updates
Hangzhou Greatstar Industrial.Co.,Arrow Fastener Co. HQ,Landslide,High,High,Stable,Within 12 Months,0.005342,Medium,Match distance: 11.500km,No material change signal within this horizon,Historical landslide hazard score maintained under persistence rule. No documented climate-change-driven frequency increase for this region.,IPCC AR6 regional precipitation projections; NASA GEOS-5 extreme rainfall event frequency; national geological survey landslide inventory updates
Hangzhou Greatstar Industrial.Co.,Shop-Vac / SK Tools USA,Landslide,High,High,Stable,Within 12 Months,0.004800,Medium,Match distance: 12.469km,No material change signal within this horizon,Historical landslide hazard score maintained under persistence rule. No documented climate-change-driven frequency increase for this region.,IPCC AR6 regional precipitation projections; NASA GEOS-5 extreme rainfall event frequency; national geological survey landslide inventory updates
Hangzhou Greatstar Industrial.Co.,Prime-Line Products,Landslide,High,High,Stable,Within 12 Months,0.004139,Medium,Match distance: 2.924km,No material change signal within this horizon,Historical landslide hazard score maintained under persistence rule. No documented climate-change-driven frequency increase for this region.,IPCC AR6 regional precipitation projections; NASA GEOS-5 extreme rainfall event frequency; national geological survey landslide inventory updates
Hangzhou Greatstar Industrial.Co.,LISTA AG (Switzerland),Landslide,High,High,Stable,Within 12 Months,0.004719,Medium,Match distance: 3.494km,No material change signal within this horizon,Historical landslide hazard score maintained under persistence rule. No documented climate-change-driven frequency increase for this region.,IPCC AR6 regional precipitation projections; NASA GEOS-5 extreme rainfall event frequency; national geological survey landslide inventory updates
Hangzhou Greatstar Industrial.Co.,BeA GmbH (Germany),Landslide,Low,Medium,Stable,Within 12 Months,< 0.001 (below dataset threshold),Below dataset minimum coverage threshold,Match distance: N/Akm,No material change signal within this horizon,Facility location falls below the source dataset minimum coverage threshold (annual frequency < 0.001 events/sq.km = below Moderate per Table 6). Assigned 'Low' as the conservative upper bound for sub-Moderate terrain. Predominantly flat or low-relief terrain with negligible measured landslide frequency.,IPCC AR6 regional precipitation projections; NASA GEOS-5 extreme rainfall event frequency; national geological survey landslide inventory updates
Hangzhou Greatstar Industrial.Co.,Zhongshan Geelong Mfg,Landslide,Medium,High,Stable,Within 12 Months,0.001385,Moderate,Match distance: 5.267km,No material change signal within this horizon,Baseline score maintained within 12-month horizon; no acute uplift expected in this timeframe.,IPCC AR6 regional precipitation projections; NASA GEOS-5 extreme rainfall event frequency; national geological survey landslide inventory updates
Hangzhou Greatstar Industrial.Co.,GreatStar Vietnam Base,Landslide,High,High,Stable,Within 12 Months,0.003010,Medium,Match distance: 6.235km,No material change signal within this horizon,Baseline score maintained within 12-month horizon; no acute uplift expected in this timeframe.,IPCC AR6 regional precipitation projections; NASA GEOS-5 extreme rainfall event frequency; national geological survey landslide inventory updates
Hangzhou Greatstar Industrial.Co.,GreatStar Thailand Base,Landslide,Low,Medium,Stable,Within 12 Months,< 0.001 (below dataset threshold),Below dataset minimum coverage threshold,Match distance: N/Akm,No material change signal within this horizon,Facility location falls below the source dataset minimum coverage threshold (annual frequency < 0.001 events/sq.km = below Moderate per Table 6). Assigned 'Low' as the conservative upper bound for sub-Moderate terrain. Predominantly flat or low-relief terrain with negligible measured landslide frequency.,IPCC AR6 regional precipitation projections; NASA GEOS-5 extreme rainfall event frequency; national geological survey landslide inventory updates
Hangzhou Greatstar Industrial.Co.,Haining GreatStar Hub,Landslide,Low,Medium,Stable,Within 12 Months,< 0.001 (below dataset threshold),Below dataset minimum coverage threshold,Match distance: N/Akm,No material change signal within this horizon,Facility location falls below the source dataset minimum coverage threshold (annual frequency < 0.001 events/sq.km = below Moderate per Table 6). Assigned 'Low' as the conservative upper bound for sub-Moderate terrain. Predominantly flat or low-relief terrain with negligible measured landslide frequency.,IPCC AR6 regional precipitation projections; NASA GEOS-5 extreme rainfall event frequency; national geological survey landslide inventory updates
Hangzhou Greatstar Industrial.Co.,Goldblatt / GreatStar R&D,Landslide,Low,Medium,Stable,Within 12 Months,< 0.001 (below dataset threshold),Below dataset minimum coverage threshold,Match distance: N/Akm,No material change signal within this horizon,Facility location falls below the source dataset minimum coverage threshold (annual frequency < 0.001 events/sq.km = below Moderate per Table 6). Assigned 'Low' as the conservative upper bound for sub-Moderate terrain. Predominantly flat or low-relief terrain with negligible measured landslide frequency.,IPCC AR6 regional precipitation projections; NASA GEOS-5 extreme rainfall event frequency; national geological survey landslide inventory updates
Hangzhou Greatstar Industrial.Co.,GreatStar Changzhou Base,Landslide,Low,Medium,Stable,Within 12 Months,< 0.001 (below dataset threshold),Below dataset minimum coverage threshold,Match distance: N/Akm,No material change signal within this horizon,Facility location falls below the source dataset minimum coverage threshold (annual frequency < 0.001 events/sq.km = below Moderate per Table 6). Assigned 'Low' as the conservative upper bound for sub-Moderate terrain. Predominantly flat or low-relief terrain with negligible measured landslide frequency.,IPCC AR6 regional precipitation projections; NASA GEOS-5 extreme rainfall event frequency; national geological survey landslide inventory updates
Hangzhou Greatstar Industrial.Co.,Xiaoshan Logistics Base,Landslide,High,High,Stable,Within 12 Months,0.006529,Medium,Match distance: 3.388km,No material change signal within this horizon,Baseline score maintained within 12-month horizon; no acute uplift expected in this timeframe.,IPCC AR6 regional precipitation projections; NASA GEOS-5 extreme rainfall event frequency; national geological survey landslide inventory updates
Perrigo Company,Global Headquarters,Landslide,Low,Medium,Stable,Within 12 Months,< 0.001 (below dataset threshold),Below dataset minimum coverage threshold,Match distance: N/Akm,No material change signal within this horizon,Facility location falls below the source dataset minimum coverage threshold (annual frequency < 0.001 events/sq.km = below Moderate per Table 6). Assigned 'Low' as the conservative upper bound for sub-Moderate terrain. Predominantly flat or low-relief terrain with negligible measured landslide frequency.,IPCC AR6 regional precipitation projections; NASA GEOS-5 extreme rainfall event frequency; national geological survey landslide inventory updates
Perrigo Company,N. American Corporate HQ,Landslide,Low,Medium,Stable,Within 12 Months,< 0.001 (below dataset threshold),Below dataset minimum coverage threshold,Match distance: N/Akm,No material change signal within this horizon,Facility location falls below the source dataset minimum coverage threshold (annual frequency < 0.001 events/sq.km = below Moderate per Table 6). Assigned 'Low' as the conservative upper bound for sub-Moderate terrain. Predominantly flat or low-relief terrain with negligible measured landslide frequency.,IPCC AR6 regional precipitation projections; NASA GEOS-5 extreme rainfall event frequency; national geological survey landslide inventory updates
Perrigo Company,Allegan Main Campus,Landslide,Low,Medium,Stable,Within 12 Months,< 0.001 (below dataset threshold),Below dataset minimum coverage threshold,Match distance: N/Akm,No material change signal within this horizon,Facility location falls below the source dataset minimum coverage threshold (annual frequency < 0.001 events/sq.km = below Moderate per Table 6). Assigned 'Low' as the conservative upper bound for sub-Moderate terrain. Predominantly flat or low-relief terrain with negligible measured landslide frequency.,IPCC AR6 regional precipitation projections; NASA GEOS-5 extreme rainfall event frequency; national geological survey landslide inventory updates
Perrigo Company,Allegan Water St Plant,Landslide,Low,Medium,Stable,Within 12 Months,< 0.001 (below dataset threshold),Below dataset minimum coverage threshold,Match distance: N/Akm,No material change signal within this horizon,Facility location falls below the source dataset minimum coverage threshold (annual frequency < 0.001 events/sq.km = below Moderate per Table 6). Assigned 'Low' as the conservative upper bound for sub-Moderate terrain. Predominantly flat or low-relief terrain with negligible measured landslide frequency.,IPCC AR6 regional precipitation projections; NASA GEOS-5 extreme rainfall event frequency; national geological survey landslide inventory updates
Perrigo Company,Eau Claire Facility,Landslide,Low,Medium,Stable,Within 12 Months,< 0.001 (below dataset threshold),Below dataset minimum coverage threshold,Match distance: N/Akm,No material change signal within this horizon,Facility location falls below the source dataset minimum coverage threshold (annual frequency < 0.001 events/sq.km = below Moderate per Table 6). Assigned 'Low' as the conservative upper bound for sub-Moderate terrain. Predominantly flat or low-relief terrain with negligible measured landslide frequency.,IPCC AR6 regional precipitation projections; NASA GEOS-5 extreme rainfall event frequency; national geological survey landslide inventory updates
Perrigo Company,PBM Nutritionals (Vermont),Landslide,High,High,Stable,Within 12 Months,0.004473,Medium,Match distance: 1.612km,No material change signal within this horizon,Historical landslide hazard score maintained under persistence rule. No documented climate-change-driven frequency increase for this region.,IPCC AR6 regional precipitation projections; NASA GEOS-5 extreme rainfall event frequency; national geological survey landslide inventory updates
Perrigo Company,Perrigo Direct Hub,Landslide,Low,Medium,Stable,Within 12 Months,< 0.001 (below dataset threshold),Below dataset minimum coverage threshold,Match distance: N/Akm,No material change signal within this horizon,Facility location falls below the source dataset minimum coverage threshold (annual frequency < 0.001 events/sq.km = below Moderate per Table 6). Assigned 'Low' as the conservative upper bound for sub-Moderate terrain. Predominantly flat or low-relief terrain with negligible measured landslide frequency.,IPCC AR6 regional precipitation projections; NASA GEOS-5 extreme rainfall event frequency; national geological survey landslide inventory updates
Perrigo Company,Omaha Logistics Center,Landslide,Low,Medium,Stable,Within 12 Months,< 0.001 (below dataset threshold),Below dataset minimum coverage threshold,Match distance: N/Akm,No material change signal within this horizon,Facility location falls below the source dataset minimum coverage threshold (annual frequency < 0.001 events/sq.km = below Moderate per Table 6). Assigned 'Low' as the conservative upper bound for sub-Moderate terrain. Predominantly flat or low-relief terrain with negligible measured landslide frequency.,IPCC AR6 regional precipitation projections; NASA GEOS-5 extreme rainfall event frequency; national geological survey landslide inventory updates
Perrigo Company,Perrigo Israel (Yeruham),Landslide,High,High,Stable,Within 12 Months,0.003281,Medium,Match distance: 4.600km,No material change signal within this horizon,Baseline score maintained within 12-month horizon; no acute uplift expected in this timeframe.,IPCC AR6 regional precipitation projections; NASA GEOS-5 extreme rainfall event frequency; national geological survey landslide inventory updates
Perrigo Company,Perrigo Mexico,Landslide,High,High,Stable,Within 12 Months,0.003797,Medium,Match distance: 1.937km,No material change signal within this horizon,Historical landslide hazard score maintained under persistence rule. No documented climate-change-driven frequency increase for this region.,IPCC AR6 regional precipitation projections; NASA GEOS-5 extreme rainfall event frequency; national geological survey landslide inventory updates
Perrigo Company,Wrafton Laboratories (UK),Landslide,High,High,Stable,Within 12 Months,0.004354,Medium,Match distance: 2.159km,No material change signal within this horizon,Historical landslide hazard score maintained under persistence rule. No documented climate-change-driven frequency increase for this region.,IPCC AR6 regional precipitation projections; NASA GEOS-5 extreme rainfall event frequency; national geological survey landslide inventory updates
Perrigo Company,Galpharm International,Landslide,Low,Medium,Stable,Within 12 Months,< 0.001 (below dataset threshold),Below dataset minimum coverage threshold,Match distance: N/Akm,No material change signal within this horizon,Facility location falls below the source dataset minimum coverage threshold (annual frequency < 0.001 events/sq.km = below Moderate per Table 6). Assigned 'Low' as the conservative upper bound for sub-Moderate terrain. Predominantly flat or low-relief terrain with negligible measured landslide frequency.,IPCC AR6 regional precipitation projections; NASA GEOS-5 extreme rainfall event frequency; national geological survey landslide inventory updates
Perrigo Company,Rosemont Pharmaceuticals,Landslide,Low,Medium,Stable,Within 12 Months,< 0.001 (below dataset threshold),Below dataset minimum coverage threshold,Match distance: N/Akm,No material change signal within this horizon,Facility location falls below the source dataset minimum coverage threshold (annual frequency < 0.001 events/sq.km = below Moderate per Table 6). Assigned 'Low' as the conservative upper bound for sub-Moderate terrain. Predominantly flat or low-relief terrain with negligible measured landslide frequency.,IPCC AR6 regional precipitation projections; NASA GEOS-5 extreme rainfall event frequency; national geological survey landslide inventory updates
Perrigo Company,HRA Pharma Global HQ,Landslide,High,High,Stable,Within 12 Months,0.003810,Medium,Match distance: 6.227km,No material change signal within this horizon,Baseline score maintained within 12-month horizon; no acute uplift expected in this timeframe.,IPCC AR6 regional precipitation projections; NASA GEOS-5 extreme rainfall event frequency; national geological survey landslide inventory updates
Perrigo Company,HRA Pharma US,Landslide,High,High,Stable,Within 12 Months,0.005586,Medium,Match distance: 0.403km,No material change signal within this horizon,Historical landslide hazard score maintained under persistence rule. No documented climate-change-driven frequency increase for this region.,IPCC AR6 regional precipitation projections; NASA GEOS-5 extreme rainfall event frequency; national geological survey landslide inventory updates
The Hain Celestial Group,Global Headquarters,Landslide,High,High,Stable,Within 12 Months,0.005335,Medium,Match distance: 2.781km,No material change signal within this horizon,Historical landslide hazard score maintained under persistence rule. No documented climate-change-driven frequency increase for this region.,IPCC AR6 regional precipitation projections; NASA GEOS-5 extreme rainfall event frequency; national geological survey landslide inventory updates
The Hain Celestial Group,Celestial Seasonings,Landslide,High,High,Stable,Within 12 Months,0.003737,Medium,Match distance: 10.707km,No material change signal within this horizon,Historical landslide hazard score maintained under persistence rule. No documented climate-change-driven frequency increase for this region.,IPCC AR6 regional precipitation projections; NASA GEOS-5 extreme rainfall event frequency; national geological survey landslide inventory updates
The Hain Celestial Group,Hain Personal Care Hub,Landslide,High,High,Stable,Within 12 Months,0.004402,Medium,Match distance: 2.222km,No material change signal within this horizon,Historical landslide hazard score maintained under persistence rule. No documented climate-change-driven frequency increase for this region.,IPCC AR6 regional precipitation projections; NASA GEOS-5 extreme rainfall event frequency; national geological survey landslide inventory updates
The Hain Celestial Group,Hain Celestial Canada HQ,Landslide,Low,Medium,Stable,Within 12 Months,< 0.001 (below dataset threshold),Below dataset minimum coverage threshold,Match distance: N/Akm,No material change signal within this horizon,Facility location falls below the source dataset minimum coverage threshold (annual frequency < 0.001 events/sq.km = below Moderate per Table 6). Assigned 'Low' as the conservative upper bound for sub-Moderate terrain. Predominantly flat or low-relief terrain with negligible measured landslide frequency.,IPCC AR6 regional precipitation projections; NASA GEOS-5 extreme rainfall event frequency; national geological survey landslide inventory updates
The Hain Celestial Group,Mississauga Facility,Landslide,Low,Medium,Stable,Within 12 Months,< 0.001 (below dataset threshold),Below dataset minimum coverage threshold,Match distance: N/Akm,No material change signal within this horizon,Facility location falls below the source dataset minimum coverage threshold (annual frequency < 0.001 events/sq.km = below Moderate per Table 6). Assigned 'Low' as the conservative upper bound for sub-Moderate terrain. Predominantly flat or low-relief terrain with negligible measured landslide frequency.,IPCC AR6 regional precipitation projections; NASA GEOS-5 extreme rainfall event frequency; national geological survey landslide inventory updates
The Hain Celestial Group,Hain Daniels (Fakenham),Landslide,Low,Medium,Stable,Within 12 Months,< 0.001 (below dataset threshold),Below dataset minimum coverage threshold,Match distance: N/Akm,No material change signal within this horizon,Facility location falls below the source dataset minimum coverage threshold (annual frequency < 0.001 events/sq.km = below Moderate per Table 6). Assigned 'Low' as the conservative upper bound for sub-Moderate terrain. Predominantly flat or low-relief terrain with negligible measured landslide frequency.,IPCC AR6 regional precipitation projections; NASA GEOS-5 extreme rainfall event frequency; national geological survey landslide inventory updates
The Hain Celestial Group,Hain Daniels (Histon),Landslide,Low,Medium,Stable,Within 12 Months,< 0.001 (below dataset threshold),Below dataset minimum coverage threshold,Match distance: N/Akm,No material change signal within this horizon,Facility location falls below the source dataset minimum coverage threshold (annual frequency < 0.001 events/sq.km = below Moderate per Table 6). Assigned 'Low' as the conservative upper bound for sub-Moderate terrain. Predominantly flat or low-relief terrain with negligible measured landslide frequency.,IPCC AR6 regional precipitation projections; NASA GEOS-5 extreme rainfall event frequency; national geological survey landslide inventory updates
The Hain Celestial Group,Fresh Innovation Centre,Landslide,Low,Medium,Stable,Within 12 Months,< 0.001 (below dataset threshold),Below dataset minimum coverage threshold,Match distance: N/Akm,No material change signal within this horizon,Facility location falls below the source dataset minimum coverage threshold (annual frequency < 0.001 events/sq.km = below Moderate per Table 6). Assigned 'Low' as the conservative upper bound for sub-Moderate terrain. Predominantly flat or low-relief terrain with negligible measured landslide frequency.,IPCC AR6 regional precipitation projections; NASA GEOS-5 extreme rainfall event frequency; national geological survey landslide inventory updates
The Hain Celestial Group,Ella’s Kitchen HQ,Landslide,Low,Medium,Stable,Within 12 Months,< 0.001 (below dataset threshold),Below dataset minimum coverage threshold,Match distance: N/Akm,No material change signal within this horizon,Facility location falls below the source dataset minimum coverage threshold (annual frequency < 0.001 events/sq.km = below Moderate per Table 6). Assigned 'Low' as the conservative upper bound for sub-Moderate terrain. Predominantly flat or low-relief terrain with negligible measured landslide frequency.,IPCC AR6 regional precipitation projections; NASA GEOS-5 extreme rainfall event frequency; national geological survey landslide inventory updates
The Hain Celestial Group,Natumi GmbH,Landslide,High,High,Stable,Within 12 Months,0.004134,Medium,Match distance: 5.989km,No material change signal within this horizon,Historical landslide hazard score maintained under persistence rule. No documented climate-change-driven frequency increase for this region.,IPCC AR6 regional precipitation projections; NASA GEOS-5 extreme rainfall event frequency; national geological survey landslide inventory updates
The Hain Celestial Group,Mona Naturprodukte (Joya),Landslide,High,High,Stable,Within 12 Months,0.004292,Medium,Match distance: 1.438km,No material change signal within this horizon,Historical landslide hazard score maintained under persistence rule. No documented climate-change-driven frequency increase for this region.,IPCC AR6 regional precipitation projections; NASA GEOS-5 extreme rainfall event frequency; national geological survey landslide inventory updates
The Hain Celestial Group,Cully & Sully,Landslide,High,High,Stable,Within 12 Months,0.004643,Medium,Match distance: 1.709km,No material change signal within this horizon,Historical landslide hazard score maintained under persistence rule. No documented climate-change-driven frequency increase for this region.,IPCC AR6 regional precipitation projections; NASA GEOS-5 extreme rainfall event frequency; national geological survey landslide inventory updates
The Hain Celestial Group,Yorkshire Provender,Landslide,Low,Medium,Stable,Within 12 Months,< 0.001 (below dataset threshold),Below dataset minimum coverage threshold,Match distance: N/Akm,No material change signal within this horizon,Facility location falls below the source dataset minimum coverage threshold (annual frequency < 0.001 events/sq.km = below Moderate per Table 6). Assigned 'Low' as the conservative upper bound for sub-Moderate terrain. Predominantly flat or low-relief terrain with negligible measured landslide frequency.,IPCC AR6 regional precipitation projections; NASA GEOS-5 extreme rainfall event frequency; national geological survey landslide inventory updates
ZURU LLC.,ZURU Global HQ,Landslide,High,High,Stable,Within 12 Months,0.005757,Medium,Match distance: 0.947km,No material change signal within this horizon,Historical landslide hazard score maintained under persistence rule. No documented climate-change-driven frequency increase for this region.,IPCC AR6 regional precipitation projections; NASA GEOS-5 extreme rainfall event frequency; national geological survey landslide inventory updates
ZURU LLC.,ZURU US Flagship Campus,Landslide,High,High,Stable,Within 12 Months,0.004005,Medium,Match distance: 10.205km,No material change signal within this horizon,Historical landslide hazard score maintained under persistence rule. No documented climate-change-driven frequency increase for this region.,IPCC AR6 regional precipitation projections; NASA GEOS-5 extreme rainfall event frequency; national geological survey landslide inventory updates
ZURU LLC.,ZURU Shenzhen Hub,Landslide,High,High,Stable,Within 12 Months,0.003353,Medium,Match distance: 0.694km,No material change signal within this horizon,Baseline score maintained within 12-month horizon; no acute uplift expected in this timeframe.,IPCC AR6 regional precipitation projections; NASA GEOS-5 extreme rainfall event frequency; national geological survey landslide inventory updates
ZURU LLC.,ZURU Huizhou Smart Factory,Landslide,High,High,Stable,Within 12 Months,0.008170,Medium,Match distance: 4.226km,No material change signal within this horizon,Baseline score maintained within 12-month horizon; no acute uplift expected in this timeframe.,IPCC AR6 regional precipitation projections; NASA GEOS-5 extreme rainfall event frequency; national geological survey landslide inventory updates
ZURU LLC.,ZURU Guangzhou Plant,Landslide,Medium,High,Stable,Within 12 Months,0.001525,Moderate,Match distance: 3.911km,No material change signal within this horizon,Baseline score maintained within 12-month horizon; no acute uplift expected in this timeframe.,IPCC AR6 regional precipitation projections; NASA GEOS-5 extreme rainfall event frequency; national geological survey landslide inventory updates
ZURU LLC.,ZURU New Zealand HQ,Landslide,Low,Medium,Stable,Within 12 Months,< 0.001 (below dataset threshold),Below dataset minimum coverage threshold,Match distance: N/Akm,No material change signal within this horizon,Facility location falls below the source dataset minimum coverage threshold (annual frequency < 0.001 events/sq.km = below Moderate per Table 6). Assigned 'Low' as the conservative upper bound for sub-Moderate terrain. Predominantly flat or low-relief terrain with negligible measured landslide frequency.,IPCC AR6 regional precipitation projections; NASA GEOS-5 extreme rainfall event frequency; national geological survey landslide inventory updates
ZURU LLC.,ZURU Tech Italy (Modena),Landslide,Low,Medium,Stable,Within 12 Months,< 0.001 (below dataset threshold),Below dataset minimum coverage threshold,Match distance: N/Akm,No material change signal within this horizon,Facility location falls below the source dataset minimum coverage threshold (annual frequency < 0.001 events/sq.km = below Moderate per Table 6). Assigned 'Low' as the conservative upper bound for sub-Moderate terrain. Predominantly flat or low-relief terrain with negligible measured landslide frequency.,IPCC AR6 regional precipitation projections; NASA GEOS-5 extreme rainfall event frequency; national geological survey landslide inventory updates
ZURU LLC.,ZURU Tech India (Ahmedabad),Landslide,Very High,High,Stable,Within 12 Months,0.025252,Medium to High,Match distance: 1.498km,No material change signal within this horizon,Baseline score maintained within 12-month horizon; no acute uplift expected in this timeframe.,IPCC AR6 regional precipitation projections; NASA GEOS-5 extreme rainfall event frequency; national geological survey landslide inventory updates
ZURU LLC.,ZURU Tech India (Kolkata),Landslide,Low,Medium,Stable,Within 12 Months,< 0.001 (below dataset threshold),Below dataset minimum coverage threshold,Match distance: N/Akm,No material change signal within this horizon,Facility location falls below the source dataset minimum coverage threshold (annual frequency < 0.001 events/sq.km = below Moderate per Table 6). Assigned 'Low' as the conservative upper bound for sub-Moderate terrain. Predominantly flat or low-relief terrain with negligible measured landslide frequency.,IPCC AR6 regional precipitation projections; NASA GEOS-5 extreme rainfall event frequency; national geological survey landslide inventory updates
ZURU LLC.,ZURU Bentonville Office,Landslide,High,High,Stable,Within 12 Months,0.005471,Medium,Match distance: 7.953km,No material change signal within this horizon,Historical landslide hazard score maintained under persistence rule. No documented climate-change-driven frequency increase for this region.,IPCC AR6 regional precipitation projections; NASA GEOS-5 extreme rainfall event frequency; national geological survey landslide inventory updates
ZURU LLC.,ZURU Tech Italy (Milan),Landslide,Low,Medium,Stable,Within 12 Months,< 0.001 (below dataset threshold),Below dataset minimum coverage threshold,Match distance: N/Akm,No material change signal within this horizon,Facility location falls below the source dataset minimum coverage threshold (annual frequency < 0.001 events/sq.km = below Moderate per Table 6). Assigned 'Low' as the conservative upper bound for sub-Moderate terrain. Predominantly flat or low-relief terrain with negligible measured landslide frequency.,IPCC AR6 regional precipitation projections; NASA GEOS-5 extreme rainfall event frequency; national geological survey landslide inventory updates
ZURU LLC.,ZURU Dongguan Tech Center,Landslide,Medium,High,Stable,Within 12 Months,0.001071,Moderate,Match distance: 1.376km,No material change signal within this horizon,Baseline score maintained within 12-month horizon; no acute uplift expected in this timeframe.,IPCC AR6 regional precipitation projections; NASA GEOS-5 extreme rainfall event frequency; national geological survey landslide inventory updates
John Paul Mitchell Systems,Global Headquarters,Landslide,High,High,Stable,Within 12 Months,0.003764,Medium,Match distance: 1.360km,No material change signal within this horizon,Historical landslide hazard score maintained under persistence rule. No documented climate-change-driven frequency increase for this region.,IPCC AR6 regional precipitation projections; NASA GEOS-5 extreme rainfall event frequency; national geological survey landslide inventory updates
John Paul Mitchell Systems,JPMS Creative Center,Landslide,Very High,High,Stable,Within 12 Months,0.019688,Medium to High,Match distance: 3.184km,No material change signal within this horizon,Historical landslide hazard score maintained under persistence rule. No documented climate-change-driven frequency increase for this region.,IPCC AR6 regional precipitation projections; NASA GEOS-5 extreme rainfall event frequency; national geological survey landslide inventory updates
John Paul Mitchell Systems,Santa Clarita DC,Landslide,High,High,Stable,Within 12 Months,0.003764,Medium,Match distance: 1.314km,No material change signal within this horizon,Historical landslide hazard score maintained under persistence rule. No documented climate-change-driven frequency increase for this region.,IPCC AR6 regional precipitation projections; NASA GEOS-5 extreme rainfall event frequency; national geological survey landslide inventory updates
John Paul Mitchell Systems,The Awapuhi Farm,Landslide,Critical,High,Stable,Within 12 Months,0.463932,Very High,Match distance: 0.103km,No material change signal within this horizon,Historical landslide hazard score maintained under persistence rule. No documented climate-change-driven frequency increase for this region.,IPCC AR6 regional precipitation projections; NASA GEOS-5 extreme rainfall event frequency; national geological survey landslide inventory updates
John Paul Mitchell Systems,JPMS UK (Salon Success),Landslide,Low,Medium,Stable,Within 12 Months,< 0.001 (below dataset threshold),Below dataset minimum coverage threshold,Match distance: N/Akm,No material change signal within this horizon,Facility location falls below the source dataset minimum coverage threshold (annual frequency < 0.001 events/sq.km = below Moderate per Table 6). Assigned 'Low' as the conservative upper bound for sub-Moderate terrain. Predominantly flat or low-relief terrain with negligible measured landslide frequency.,IPCC AR6 regional precipitation projections; NASA GEOS-5 extreme rainfall event frequency; national geological survey landslide inventory updates
John Paul Mitchell Systems,JPMS European Hub,Landslide,Very High,High,Stable,Within 12 Months,0.024236,Medium to High,Match distance: 3.124km,No material change signal within this horizon,Historical landslide hazard score maintained under persistence rule. No documented climate-change-driven frequency increase for this region.,IPCC AR6 regional precipitation projections; NASA GEOS-5 extreme rainfall event frequency; national geological survey landslide inventory updates
John Paul Mitchell Systems,Pro-motive (Subsidiary),Landslide,High,High,Stable,Within 12 Months,0.003787,Medium,Match distance: 3.789km,No material change signal within this horizon,Historical landslide hazard score maintained under persistence rule. No documented climate-change-driven frequency increase for this region.,IPCC AR6 regional precipitation projections; NASA GEOS-5 extreme rainfall event frequency; national geological survey landslide inventory updates
John Paul Mitchell Systems,Distribution Center East,Landslide,Low,Medium,Stable,Within 12 Months,< 0.001 (below dataset threshold),Below dataset minimum coverage threshold,Match distance: N/Akm,No material change signal within this horizon,Facility location falls below the source dataset minimum coverage threshold (annual frequency < 0.001 events/sq.km = below Moderate per Table 6). Assigned 'Low' as the conservative upper bound for sub-Moderate terrain. Predominantly flat or low-relief terrain with negligible measured landslide frequency.,IPCC AR6 regional precipitation projections; NASA GEOS-5 extreme rainfall event frequency; national geological survey landslide inventory updates
"Natural Organics, Inc.",Global Headquarters,Landslide,High,High,Stable,Within 12 Months,0.005176,Medium,Match distance: 10.537km,No material change signal within this horizon,Historical landslide hazard score maintained under persistence rule. No documented climate-change-driven frequency increase for this region.,IPCC AR6 regional precipitation projections; NASA GEOS-5 extreme rainfall event frequency; national geological survey landslide inventory updates
"Natural Organics, Inc.",Melville Manufacturing,Landslide,High,High,Stable,Within 12 Months,0.005176,Medium,Match distance: 10.537km,No material change signal within this horizon,Historical landslide hazard score maintained under persistence rule. No documented climate-change-driven frequency increase for this region.,IPCC AR6 regional precipitation projections; NASA GEOS-5 extreme rainfall event frequency; national geological survey landslide inventory updates
"Natural Organics, Inc.","The ""Pharma-Lab""",Landslide,High,High,Stable,Within 12 Months,0.005176,Medium,Match distance: 10.297km,No material change signal within this horizon,Historical landslide hazard score maintained under persistence rule. No documented climate-change-driven frequency increase for this region.,IPCC AR6 regional precipitation projections; NASA GEOS-5 extreme rainfall event frequency; national geological survey landslide inventory updates
"Natural Organics, Inc.",Melville Distribution,Landslide,High,High,Stable,Within 12 Months,0.005176,Medium,Match distance: 10.297km,No material change signal within this horizon,Historical landslide hazard score maintained under persistence rule. No documented climate-change-driven frequency increase for this region.,IPCC AR6 regional precipitation projections; NASA GEOS-5 extreme rainfall event frequency; national geological survey landslide inventory updates
"Natural Organics, Inc.",Amityville Facility,Landslide,Low,Medium,Stable,Within 12 Months,< 0.001 (below dataset threshold),Below dataset minimum coverage threshold,Match distance: N/Akm,No material change signal within this horizon,Facility location falls below the source dataset minimum coverage threshold (annual frequency < 0.001 events/sq.km = below Moderate per Table 6). Assigned 'Low' as the conservative upper bound for sub-Moderate terrain. Predominantly flat or low-relief terrain with negligible measured landslide frequency.,IPCC AR6 regional precipitation projections; NASA GEOS-5 extreme rainfall event frequency; national geological survey landslide inventory updates
"Natural Organics, Inc.",Nature’s Plus UK,Landslide,Low,Medium,Stable,Within 12 Months,< 0.001 (below dataset threshold),Below dataset minimum coverage threshold,Match distance: N/Akm,No material change signal within this horizon,Facility location falls below the source dataset minimum coverage threshold (annual frequency < 0.001 events/sq.km = below Moderate per Table 6). Assigned 'Low' as the conservative upper bound for sub-Moderate terrain. Predominantly flat or low-relief terrain with negligible measured landslide frequency.,IPCC AR6 regional precipitation projections; NASA GEOS-5 extreme rainfall event frequency; national geological survey landslide inventory updates
"Natural Organics, Inc.",Euro-Nutrition Hub,Landslide,Low,Medium,Stable,Within 12 Months,< 0.001 (below dataset threshold),Below dataset minimum coverage threshold,Match distance: N/Akm,No material change signal within this horizon,Facility location falls below the source dataset minimum coverage threshold (annual frequency < 0.001 events/sq.km = below Moderate per Table 6). Assigned 'Low' as the conservative upper bound for sub-Moderate terrain. Predominantly flat or low-relief terrain with negligible measured landslide frequency.,IPCC AR6 regional precipitation projections; NASA GEOS-5 extreme rainfall event frequency; national geological survey landslide inventory updates
