supplier_name,facility_name,risk_type,risk_level,risk_confidence,risk_trend,timeframe,context,probabilty_fire_weather_conditions,fire_ignition_probability
Garmin International,Global Headquarters,Wildfire,Very Low,High,Stable,Within 12 Months,Historical fire weather data indicates very low wildfire risk. No SSP scenario projects a material change in fire weather conditions at this location within 12 months. Fire risk data: P(FWI > 20) historical mean (1975-2000) = 0.024902; P(FWI > 20) projected = 0.278540; P(FWI > 50) historical mean (1975-2000) = 0.000076; P(FWI > 50) projected = 0.000000; fire ignition probability = 0.000000.,27.9%,0.0%
Garmin International,Olathe Manufacturing,Wildfire,Very Low,High,Stable,Within 12 Months,Historical fire weather data indicates very low wildfire risk. No SSP scenario projects a material change in fire weather conditions at this location within 12 months. Fire risk data: P(FWI > 20) historical mean (1975-2000) = 0.024902; P(FWI > 20) projected = 0.278540; P(FWI > 50) historical mean (1975-2000) = 0.000076; P(FWI > 50) projected = 0.000000; fire ignition probability = 0.000000.,27.9%,0.0%
Garmin International,Garmin Salem,Wildfire,Very Low,High,Stable,Within 12 Months,Historical fire weather data indicates very low wildfire risk. No SSP scenario projects a material change in fire weather conditions at this location within 12 months. Fire risk data: P(FWI > 20) historical mean (1975-2000) = 0.315522; P(FWI > 20) projected = 0.706910; P(FWI > 50) historical mean (1975-2000) = 0.000000; P(FWI > 50) projected = 0.001610; fire ignition probability = 0.000000.,70.7%,0.0%
Garmin International,Garmin Chandler,Wildfire,Very Low,High,Stable,Within 12 Months,Historical fire weather data indicates very low wildfire risk. No SSP scenario projects a material change in fire weather conditions at this location within 12 months. Fire risk data: P(FWI > 20) historical mean (1975-2000) = 1.000000; P(FWI > 20) projected = 1.000000; P(FWI > 50) historical mean (1975-2000) = 0.994959; P(FWI > 50) projected = 0.999860; fire ignition probability = 0.000000.,100.0%,0.0%
Garmin International,Lin Kou Plant (Taiwan),Wildfire,Very Low,High,Stable,Within 12 Months,Historical fire weather data indicates very low wildfire risk. No SSP scenario projects a material change in fire weather conditions at this location within 12 months. Fire risk data: P(FWI > 20) historical mean (1975-2000) = 0.003661; P(FWI > 20) projected = 0.000020; P(FWI > 50) historical mean (1975-2000) = 0.000083; P(FWI > 50) projected = 0.000000; fire ignition probability = 0.000000.,0.0%,0.0%
Garmin International,Zhongli Plant (Taiwan),Wildfire,Very Low,High,Stable,Within 12 Months,Historical fire weather data indicates very low wildfire risk. No SSP scenario projects a material change in fire weather conditions at this location within 12 months. Fire risk data: P(FWI > 20) historical mean (1975-2000) = 0.008788; P(FWI > 20) projected = 0.000000; P(FWI > 50) historical mean (1975-2000) = 0.000882; P(FWI > 50) projected = 0.000000; fire ignition probability = 0.000000.,0.0%,0.0%
Garmin International,Tainan Plant (Taiwan),Wildfire,Very Low,High,Stable,Within 12 Months,Historical fire weather data indicates very low wildfire risk. No SSP scenario projects a material change in fire weather conditions at this location within 12 months. Fire risk data: P(FWI > 20) historical mean (1975-2000) = 0.020062; P(FWI > 20) projected = 0.095050; P(FWI > 50) historical mean (1975-2000) = 0.000549; P(FWI > 50) projected = 0.028210; fire ignition probability = 0.000000.,9.5%,0.0%
Garmin International,Garmin Europe HQ,Wildfire,Very Low,High,Stable,Within 12 Months,Historical fire weather data indicates very low wildfire risk. No SSP scenario projects a material change in fire weather conditions at this location within 12 months. Fire risk data: P(FWI > 20) historical mean (1975-2000) = 0.030556; P(FWI > 20) projected = 0.000000; P(FWI > 50) historical mean (1975-2000) = 0.015999; P(FWI > 50) projected = 0.000000; fire ignition probability = 0.000000.,0.0%,0.0%
Garmin International,Würzburg R&D (Germany),Wildfire,Very Low,High,Stable,Within 12 Months,Historical fire weather data indicates very low wildfire risk. No SSP scenario projects a material change in fire weather conditions at this location within 12 months. Fire risk data: P(FWI > 20) historical mean (1975-2000) = 0.024390; P(FWI > 20) projected = 0.000280; P(FWI > 50) historical mean (1975-2000) = 0.011629; P(FWI > 50) projected = 0.000000; fire ignition probability = 0.000000.,0.0%,0.0%
Garmin International,Garmin Cluj (Romania),Wildfire,Very Low,High,Stable,Within 12 Months,Historical fire weather data indicates very low wildfire risk. No SSP scenario projects a material change in fire weather conditions at this location within 12 months. Fire risk data: P(FWI > 20) historical mean (1975-2000) = 0.019762; P(FWI > 20) projected = 0.000010; P(FWI > 50) historical mean (1975-2000) = 0.002489; P(FWI > 50) projected = 0.000000; fire ignition probability = 0.071429.,0.0%,7.1%
Garmin International,Garmin Singapore,Wildfire,Very Low,High,Stable,Within 12 Months,Historical fire weather data indicates very low wildfire risk. No SSP scenario projects a material change in fire weather conditions at this location within 12 months. Fire risk data: P(FWI > 20) historical mean (1975-2000) = 0.010295; P(FWI > 20) projected = 0.000060; P(FWI > 50) historical mean (1975-2000) = 0.004586; P(FWI > 50) projected = 0.000000; fire ignition probability = 0.000000.,0.0%,0.0%
Garmin International,Garmin Birtley (UK),Wildfire,Very Low,High,Stable,Within 12 Months,Historical fire weather data indicates very low wildfire risk. No SSP scenario projects a material change in fire weather conditions at this location within 12 months. Fire risk data: P(FWI > 20) historical mean (1975-2000) = 0.000601; P(FWI > 20) projected = 0.000000; P(FWI > 50) historical mean (1975-2000) = 0.000001; P(FWI > 50) projected = 0.000000; fire ignition probability = 0.000000.,0.0%,0.0%
Garmin International,Garmin Australasia,Wildfire,Very Low,High,Stable,Within 12 Months,Historical fire weather data indicates very low wildfire risk. No SSP scenario projects a material change in fire weather conditions at this location within 12 months. Fire risk data: P(FWI > 20) historical mean (1975-2000) = 0.083672; P(FWI > 20) projected = 0.047470; P(FWI > 50) historical mean (1975-2000) = 0.004500; P(FWI > 50) projected = 0.000000; fire ignition probability = 0.142857.,4.7%,14.3%
Techtronic Industries,TTI Innovation Center,Wildfire,Very Low,High,Stable,Within 12 Months,Historical fire weather data indicates very low wildfire risk. No SSP scenario projects a material change in fire weather conditions at this location within 12 months. Fire risk data: P(FWI > 20) historical mean (1975-2000) = 0.004359; P(FWI > 20) projected = 0.000000; P(FWI > 50) historical mean (1975-2000) = 0.000260; P(FWI > 50) projected = 0.000000; fire ignition probability = 0.000000.,0.0%,0.0%
Techtronic Industries,Milwaukee Tool Global HQ,Wildfire,Very Low,High,Stable,Within 12 Months,Historical fire weather data indicates very low wildfire risk. No SSP scenario projects a material change in fire weather conditions at this location within 12 months. Fire risk data: P(FWI > 20) historical mean (1975-2000) = 0.007557; P(FWI > 20) projected = 0.000000; P(FWI > 50) historical mean (1975-2000) = 0.001718; P(FWI > 50) projected = 0.000000; fire ignition probability = 0.000000.,0.0%,0.0%
Techtronic Industries,Milwaukee Tool Jackson Plant,Wildfire,Very Low,High,Stable,Within 12 Months,Historical fire weather data indicates very low wildfire risk. No SSP scenario projects a material change in fire weather conditions at this location within 12 months. Fire risk data: P(FWI > 20) historical mean (1975-2000) = 0.012693; P(FWI > 20) projected = 0.005520; P(FWI > 50) historical mean (1975-2000) = 0.000995; P(FWI > 50) projected = 0.000000; fire ignition probability = 0.000000.,0.6%,0.0%
Techtronic Industries,Milwaukee Tool Grenada Plant,Wildfire,Very Low,High,Stable,Within 12 Months,Historical fire weather data indicates very low wildfire risk. No SSP scenario projects a material change in fire weather conditions at this location within 12 months. Fire risk data: P(FWI > 20) historical mean (1975-2000) = 0.019321; P(FWI > 20) projected = 0.018780; P(FWI > 50) historical mean (1975-2000) = 0.003360; P(FWI > 50) projected = 0.000000; fire ignition probability = 0.000000.,1.9%,0.0%
Techtronic Industries,Milwaukee Tool Greenwood Plant,Wildfire,Very Low,High,Stable,Within 12 Months,Historical fire weather data indicates very low wildfire risk. No SSP scenario projects a material change in fire weather conditions at this location within 12 months. Fire risk data: P(FWI > 20) historical mean (1975-2000) = 0.040400; P(FWI > 20) projected = 0.029730; P(FWI > 50) historical mean (1975-2000) = 0.009211; P(FWI > 50) projected = 0.000000; fire ignition probability = 0.000000.,3.0%,0.0%
Techtronic Industries,Milwaukee Tool Olive Branch DC,Wildfire,Very Low,High,Stable,Within 12 Months,Historical fire weather data indicates very low wildfire risk. No SSP scenario projects a material change in fire weather conditions at this location within 12 months. Fire risk data: P(FWI > 20) historical mean (1975-2000) = 0.007206; P(FWI > 20) projected = 0.051040; P(FWI > 50) historical mean (1975-2000) = 0.000097; P(FWI > 50) projected = 0.000230; fire ignition probability = 0.000000.,5.1%,0.0%
Techtronic Industries,Milwaukee Tool Clinton Plant,Wildfire,Very Low,High,Stable,Within 12 Months,Historical fire weather data indicates very low wildfire risk. No SSP scenario projects a material change in fire weather conditions at this location within 12 months. Fire risk data: P(FWI > 20) historical mean (1975-2000) = 0.048822; P(FWI > 20) projected = 0.010220; P(FWI > 50) historical mean (1975-2000) = 0.023839; P(FWI > 50) projected = 0.000000; fire ignition probability = 0.000000.,1.0%,0.0%
Techtronic Industries,Milwaukee Tool West Bend,Wildfire,Very Low,High,Stable,Within 12 Months,Historical fire weather data indicates very low wildfire risk. No SSP scenario projects a material change in fire weather conditions at this location within 12 months. Fire risk data: P(FWI > 20) historical mean (1975-2000) = 0.001279; P(FWI > 20) projected = 0.000060; P(FWI > 50) historical mean (1975-2000) = 0.000002; P(FWI > 50) projected = 0.000000; fire ignition probability = 0.000000.,0.0%,0.0%
Techtronic Industries,Empire Level (Subsidiary),Wildfire,Very Low,High,Stable,Within 12 Months,Historical fire weather data indicates very low wildfire risk. No SSP scenario projects a material change in fire weather conditions at this location within 12 months. Fire risk data: P(FWI > 20) historical mean (1975-2000) = 0.002994; P(FWI > 20) projected = 0.000000; P(FWI > 50) historical mean (1975-2000) = 0.000055; P(FWI > 50) projected = 0.000000; fire ignition probability = 0.000000.,0.0%,0.0%
Techtronic Industries,Milwaukee Tool Torreon,Wildfire,Very Low,High,Stable,Within 12 Months,Historical fire weather data indicates very low wildfire risk. No SSP scenario projects a material change in fire weather conditions at this location within 12 months. Fire risk data: P(FWI > 20) historical mean (1975-2000) = 1.000000; P(FWI > 20) projected = 1.000000; P(FWI > 50) historical mean (1975-2000) = 0.331835; P(FWI > 50) projected = 0.903450; fire ignition probability = 0.000000.,100.0%,0.0%
Techtronic Industries,TTI Floor Care N.A.,Wildfire,Very Low,High,Stable,Within 12 Months,Historical fire weather data indicates very low wildfire risk. No SSP scenario projects a material change in fire weather conditions at this location within 12 months. Fire risk data: P(FWI > 20) historical mean (1975-2000) = 0.000000; P(FWI > 20) projected = 0.000000; P(FWI > 50) historical mean (1975-2000) = 0.000000; P(FWI > 50) projected = 0.000000; fire ignition probability = 0.000000.,0.0%,0.0%
Techtronic Industries,TTI Dongguan Hub,Wildfire,Very Low,High,Stable,Within 12 Months,Historical fire weather data indicates very low wildfire risk. No SSP scenario projects a material change in fire weather conditions at this location within 12 months. Fire risk data: P(FWI > 20) historical mean (1975-2000) = 0.020540; P(FWI > 20) projected = 0.000000; P(FWI > 50) historical mean (1975-2000) = 0.000411; P(FWI > 50) projected = 0.000000; fire ignition probability = 0.000000.,0.0%,0.0%
Techtronic Industries,TTI Vietnam (SHTP),Wildfire,Very Low,High,Stable,Within 12 Months,Historical fire weather data indicates very low wildfire risk. No SSP scenario projects a material change in fire weather conditions at this location within 12 months. Fire risk data: P(FWI > 20) historical mean (1975-2000) = 0.629029; P(FWI > 20) projected = 0.662160; P(FWI > 50) historical mean (1975-2000) = 0.000290; P(FWI > 50) projected = 0.000000; fire ignition probability = 0.000000.,66.2%,0.0%
Techtronic Industries,DreBo Werkzeugfabrik,Wildfire,Very Low,High,Stable,Within 12 Months,Historical fire weather data indicates very low wildfire risk. No SSP scenario projects a material change in fire weather conditions at this location within 12 months. Fire risk data: P(FWI > 20) historical mean (1975-2000) = 0.004208; P(FWI > 20) projected = 0.006350; P(FWI > 50) historical mean (1975-2000) = 0.001809; P(FWI > 50) projected = 0.000030; fire ignition probability = 0.000000.,0.6%,0.0%
Techtronic Industries,Ryobi Die Casting (USA),Wildfire,Very Low,High,Stable,Within 12 Months,Historical fire weather data indicates very low wildfire risk. No SSP scenario projects a material change in fire weather conditions at this location within 12 months. Fire risk data: P(FWI > 20) historical mean (1975-2000) = 0.001540; P(FWI > 20) projected = 0.000290; P(FWI > 50) historical mean (1975-2000) = 0.000038; P(FWI > 50) projected = 0.000000; fire ignition probability = 0.000000.,0.0%,0.0%
S.C. Johnson & Son Inc.,Global Corporate HQ,Wildfire,Very Low,High,Stable,Within 12 Months,Historical fire weather data indicates very low wildfire risk. No SSP scenario projects a material change in fire weather conditions at this location within 12 months. Fire risk data: P(FWI > 20) historical mean (1975-2000) = 0.001080; P(FWI > 20) projected = 0.000130; P(FWI > 50) historical mean (1975-2000) = 0.000001; P(FWI > 50) projected = 0.000000; fire ignition probability = 0.000000.,0.0%,0.0%
S.C. Johnson & Son Inc.,Waxdale Facility,Wildfire,Very Low,High,Stable,Within 12 Months,Historical fire weather data indicates very low wildfire risk. No SSP scenario projects a material change in fire weather conditions at this location within 12 months. Fire risk data: P(FWI > 20) historical mean (1975-2000) = 0.001080; P(FWI > 20) projected = 0.000130; P(FWI > 50) historical mean (1975-2000) = 0.000001; P(FWI > 50) projected = 0.000000; fire ignition probability = 0.000000.,0.0%,0.0%
S.C. Johnson & Son Inc.,Ziploc Bay City Plant,Wildfire,Very Low,High,Stable,Within 12 Months,Historical fire weather data indicates very low wildfire risk. No SSP scenario projects a material change in fire weather conditions at this location within 12 months. Fire risk data: P(FWI > 20) historical mean (1975-2000) = 0.000578; P(FWI > 20) projected = 0.025020; P(FWI > 50) historical mean (1975-2000) = 0.000001; P(FWI > 50) projected = 0.000150; fire ignition probability = 0.000000.,2.5%,0.0%
S.C. Johnson & Son Inc.,North America HQ,Wildfire,Very Low,High,Stable,Within 12 Months,Historical fire weather data indicates very low wildfire risk. No SSP scenario projects a material change in fire weather conditions at this location within 12 months. Fire risk data: P(FWI > 20) historical mean (1975-2000) = 0.002511; P(FWI > 20) projected = 0.000000; P(FWI > 50) historical mean (1975-2000) = 0.000180; P(FWI > 50) projected = 0.000000; fire ignition probability = 0.000000.,0.0%,0.0%
S.C. Johnson & Son Inc.,Method Soapbox,Wildfire,Very Low,High,Stable,Within 12 Months,Historical fire weather data indicates very low wildfire risk. No SSP scenario projects a material change in fire weather conditions at this location within 12 months. Fire risk data: P(FWI > 20) historical mean (1975-2000) = 0.000878; P(FWI > 20) projected = 0.000090; P(FWI > 50) historical mean (1975-2000) = 0.000007; P(FWI > 50) projected = 0.000000; fire ignition probability = 0.000000.,0.0%,0.0%
S.C. Johnson & Son Inc.,SC Johnson Professional HQ,Wildfire,Very Low,High,Stable,Within 12 Months,Historical fire weather data indicates very low wildfire risk. No SSP scenario projects a material change in fire weather conditions at this location within 12 months. Fire risk data: P(FWI > 20) historical mean (1975-2000) = 0.000000; P(FWI > 20) projected = 0.000000; P(FWI > 50) historical mean (1975-2000) = 0.000000; P(FWI > 50) projected = 0.000000; fire ignition probability = 0.000000.,0.0%,0.0%
S.C. Johnson & Son Inc.,Stanley Plant (SCJP),Wildfire,Very Low,High,Stable,Within 12 Months,Historical fire weather data indicates very low wildfire risk. No SSP scenario projects a material change in fire weather conditions at this location within 12 months. Fire risk data: P(FWI > 20) historical mean (1975-2000) = 0.000000; P(FWI > 20) projected = 0.000000; P(FWI > 50) historical mean (1975-2000) = 0.000000; P(FWI > 50) projected = 0.000000; fire ignition probability = 0.000000.,0.0%,0.0%
S.C. Johnson & Son Inc.,SCJ Europlant,Wildfire,Very Low,High,Stable,Within 12 Months,Historical fire weather data indicates very low wildfire risk. No SSP scenario projects a material change in fire weather conditions at this location within 12 months. Fire risk data: P(FWI > 20) historical mean (1975-2000) = 0.008382; P(FWI > 20) projected = 0.000000; P(FWI > 50) historical mean (1975-2000) = 0.003211; P(FWI > 50) projected = 0.000000; fire ignition probability = 0.000000.,0.0%,0.0%
S.C. Johnson & Son Inc.,European Headquarters (Rolle),Wildfire,Very Low,High,Stable,Within 12 Months,Historical fire weather data indicates very low wildfire risk. No SSP scenario projects a material change in fire weather conditions at this location within 12 months. Fire risk data: P(FWI > 20) historical mean (1975-2000) = 0.000226; P(FWI > 20) projected = 0.015790; P(FWI > 50) historical mean (1975-2000) = 0.000001; P(FWI > 50) projected = 0.000040; fire ignition probability = 0.000000.,1.6%,0.0%
S.C. Johnson & Son Inc.,Gorzów Manufacturing,Wildfire,Very Low,High,Stable,Within 12 Months,Historical fire weather data indicates very low wildfire risk. No SSP scenario projects a material change in fire weather conditions at this location within 12 months. Fire risk data: P(FWI > 20) historical mean (1975-2000) = 0.007798; P(FWI > 20) projected = 0.000170; P(FWI > 50) historical mean (1975-2000) = 0.000185; P(FWI > 50) projected = 0.000000; fire ignition probability = 0.000000.,0.0%,0.0%
S.C. Johnson & Son Inc.,Rosslyn Factory,Wildfire,Very High,High,Improving,Within 12 Months,All SSP scenarios consistently project Very High wildfire risk. Projected reduction in wildfire risk relative to historical baseline. Fire risk data: P(FWI > 20) historical mean (1975-2000) = 0.999854; P(FWI > 20) projected = 1.000000; P(FWI > 50) historical mean (1975-2000) = 0.026984; P(FWI > 50) projected = 0.061670; fire ignition probability = 1.000000.,100.0%,100.0%
S.C. Johnson & Son Inc.,Shanghai Johnson Ltd,Wildfire,Very Low,High,Stable,Within 12 Months,Historical fire weather data indicates very low wildfire risk. No SSP scenario projects a material change in fire weather conditions at this location within 12 months. Fire risk data: P(FWI > 20) historical mean (1975-2000) = 0.007315; P(FWI > 20) projected = 0.000000; P(FWI > 50) historical mean (1975-2000) = 0.001013; P(FWI > 50) projected = 0.000000; fire ignition probability = 0.000000.,0.0%,0.0%
S.C. Johnson & Son Inc.,SC Johnson Vietnam,Wildfire,Very Low,Medium,Improving,Within 12 Months,Historical fire weather data indicates very low wildfire risk. Projected fire weather conditions suggest marginal improvement within this horizon. Fire risk data: P(FWI > 20) historical mean (1975-2000) = 0.672727; P(FWI > 20) projected = 0.721290; P(FWI > 50) historical mean (1975-2000) = 0.000137; P(FWI > 50) projected = 0.000000; fire ignition probability = 0.071429.,72.1%,7.1%
S.C. Johnson & Son Inc.,LATAM Regional HQ,Wildfire,Very Low,High,Stable,Within 12 Months,Historical fire weather data indicates very low wildfire risk. No SSP scenario projects a material change in fire weather conditions at this location within 12 months. Fire risk data: P(FWI > 20) historical mean (1975-2000) = 0.066973; P(FWI > 20) projected = 0.084540; P(FWI > 50) historical mean (1975-2000) = 0.020628; P(FWI > 50) projected = 0.000930; fire ignition probability = 0.000000.,8.5%,0.0%
S.C. Johnson & Son Inc.,Pilar Manufacturing,Wildfire,Very Low,High,Stable,Within 12 Months,Historical fire weather data indicates very low wildfire risk. No SSP scenario projects a material change in fire weather conditions at this location within 12 months. Fire risk data: P(FWI > 20) historical mean (1975-2000) = 0.024660; P(FWI > 20) projected = 0.186180; P(FWI > 50) historical mean (1975-2000) = 0.002378; P(FWI > 50) projected = 0.013890; fire ignition probability = 0.000000.,18.6%,0.0%
S.C. Johnson & Son Inc.,Toluca Plant,Wildfire,Very Low,High,Stable,Within 12 Months,Historical fire weather data indicates very low wildfire risk. No SSP scenario projects a material change in fire weather conditions at this location within 12 months. Fire risk data: P(FWI > 20) historical mean (1975-2000) = 0.041625; P(FWI > 20) projected = 0.085010; P(FWI > 50) historical mean (1975-2000) = 0.001491; P(FWI > 50) projected = 0.000000; fire ignition probability = 0.000000.,8.5%,0.0%
GOJO Industries Inc.,Global Headquarters,Wildfire,Very Low,High,Stable,Within 12 Months,Historical fire weather data indicates very low wildfire risk. No SSP scenario projects a material change in fire weather conditions at this location within 12 months. Fire risk data: P(FWI > 20) historical mean (1975-2000) = 0.001016; P(FWI > 20) projected = 0.000170; P(FWI > 50) historical mean (1975-2000) = 0.000010; P(FWI > 50) projected = 0.000000; fire ignition probability = 0.000000.,0.0%,0.0%
GOJO Industries Inc.,Lippman Campus (Stow),Wildfire,Very Low,High,Stable,Within 12 Months,Historical fire weather data indicates very low wildfire risk. No SSP scenario projects a material change in fire weather conditions at this location within 12 months. Fire risk data: P(FWI > 20) historical mean (1975-2000) = 0.031544; P(FWI > 20) projected = 0.000020; P(FWI > 50) historical mean (1975-2000) = 0.015664; P(FWI > 50) projected = 0.000000; fire ignition probability = 0.000000.,0.0%,0.0%
GOJO Industries Inc.,Cuyahoga Falls Plant,Wildfire,Very Low,High,Stable,Within 12 Months,Historical fire weather data indicates very low wildfire risk. No SSP scenario projects a material change in fire weather conditions at this location within 12 months. Fire risk data: P(FWI > 20) historical mean (1975-2000) = 0.001016; P(FWI > 20) projected = 0.000170; P(FWI > 50) historical mean (1975-2000) = 0.000010; P(FWI > 50) projected = 0.000000; fire ignition probability = 0.000000.,0.0%,0.0%
GOJO Industries Inc.,Wooster Facility,Wildfire,Very Low,High,Stable,Within 12 Months,Historical fire weather data indicates very low wildfire risk. No SSP scenario projects a material change in fire weather conditions at this location within 12 months. Fire risk data: P(FWI > 20) historical mean (1975-2000) = 0.012435; P(FWI > 20) projected = 0.017650; P(FWI > 50) historical mean (1975-2000) = 0.005768; P(FWI > 50) projected = 0.000040; fire ignition probability = 0.000000.,1.8%,0.0%
GOJO Industries Inc.,Maple Heights Plant,Wildfire,Very Low,High,Stable,Within 12 Months,Historical fire weather data indicates very low wildfire risk. No SSP scenario projects a material change in fire weather conditions at this location within 12 months. Fire risk data: P(FWI > 20) historical mean (1975-2000) = 0.004294; P(FWI > 20) projected = 0.001710; P(FWI > 50) historical mean (1975-2000) = 0.000548; P(FWI > 50) projected = 0.000000; fire ignition probability = 0.000000.,0.2%,0.0%
GOJO Industries Inc.,Ashland Dist. Center,Wildfire,Very Low,High,Stable,Within 12 Months,Historical fire weather data indicates very low wildfire risk. No SSP scenario projects a material change in fire weather conditions at this location within 12 months. Fire risk data: P(FWI > 20) historical mean (1975-2000) = 0.011112; P(FWI > 20) projected = 0.014570; P(FWI > 50) historical mean (1975-2000) = 0.002646; P(FWI > 50) projected = 0.000050; fire ignition probability = 0.000000.,1.5%,0.0%
GOJO Industries Inc.,Navarre Warehouse,Wildfire,Very Low,High,Stable,Within 12 Months,Historical fire weather data indicates very low wildfire risk. No SSP scenario projects a material change in fire weather conditions at this location within 12 months. Fire risk data: P(FWI > 20) historical mean (1975-2000) = 0.000781; P(FWI > 20) projected = 0.000100; P(FWI > 50) historical mean (1975-2000) = 0.000005; P(FWI > 50) projected = 0.000000; fire ignition probability = 0.000000.,0.0%,0.0%
GOJO Industries Inc.,GOJO Europe (UK HQ),Wildfire,Very Low,High,Stable,Within 12 Months,Historical fire weather data indicates very low wildfire risk. No SSP scenario projects a material change in fire weather conditions at this location within 12 months. Fire risk data: P(FWI > 20) historical mean (1975-2000) = 0.005290; P(FWI > 20) projected = 0.000000; P(FWI > 50) historical mean (1975-2000) = 0.000156; P(FWI > 50) projected = 0.000000; fire ignition probability = 0.000000.,0.0%,0.0%
GOJO Industries Inc.,GOJO France SARL,Wildfire,Very Low,High,Stable,Within 12 Months,Historical fire weather data indicates very low wildfire risk. No SSP scenario projects a material change in fire weather conditions at this location within 12 months. Fire risk data: P(FWI > 20) historical mean (1975-2000) = 0.029450; P(FWI > 20) projected = 0.000150; P(FWI > 50) historical mean (1975-2000) = 0.010494; P(FWI > 50) projected = 0.000000; fire ignition probability = 0.000000.,0.0%,0.0%
GOJO Industries Inc.,GOJO Australasia,Wildfire,Very Low,High,Stable,Within 12 Months,Historical fire weather data indicates very low wildfire risk. No SSP scenario projects a material change in fire weather conditions at this location within 12 months. Fire risk data: P(FWI > 20) historical mean (1975-2000) = 0.081741; P(FWI > 20) projected = 0.033380; P(FWI > 50) historical mean (1975-2000) = 0.017679; P(FWI > 50) projected = 0.000000; fire ignition probability = 0.000000.,3.3%,0.0%
GOJO Industries Inc.,GOJO Japan Inc.,Wildfire,Very Low,High,Stable,Within 12 Months,Historical fire weather data indicates very low wildfire risk. No SSP scenario projects a material change in fire weather conditions at this location within 12 months. Fire risk data: P(FWI > 20) historical mean (1975-2000) = 0.000001; P(FWI > 20) projected = 0.000000; P(FWI > 50) historical mean (1975-2000) = 0.000000; P(FWI > 50) projected = 0.000000; fire ignition probability = 0.000000.,0.0%,0.0%
GOJO Industries Inc.,GOJO América Latina,Wildfire,Very Low,High,Stable,Within 12 Months,Historical fire weather data indicates very low wildfire risk. No SSP scenario projects a material change in fire weather conditions at this location within 12 months. Fire risk data: P(FWI > 20) historical mean (1975-2000) = 0.009154; P(FWI > 20) projected = 0.001870; P(FWI > 50) historical mean (1975-2000) = 0.000273; P(FWI > 50) projected = 0.000000; fire ignition probability = 0.000000.,0.2%,0.0%
GOJO Industries Inc.,GOJO Canada Inc.,Wildfire,Very Low,High,Stable,Within 12 Months,Historical fire weather data indicates very low wildfire risk. No SSP scenario projects a material change in fire weather conditions at this location within 12 months. Fire risk data: P(FWI > 20) historical mean (1975-2000) = 0.000244; P(FWI > 20) projected = 0.000030; P(FWI > 50) historical mean (1975-2000) = 0.000001; P(FWI > 50) projected = 0.000000; fire ignition probability = 0.000000.,0.0%,0.0%
Hangzhou Greatstar Industrial.Co.,Global Headquarters,Wildfire,Very Low,High,Stable,Within 12 Months,Historical fire weather data indicates very low wildfire risk. No SSP scenario projects a material change in fire weather conditions at this location within 12 months. Fire risk data: P(FWI > 20) historical mean (1975-2000) = 0.000832; P(FWI > 20) projected = 0.000000; P(FWI > 50) historical mean (1975-2000) = 0.000006; P(FWI > 50) projected = 0.000000; fire ignition probability = 0.000000.,0.0%,0.0%
Hangzhou Greatstar Industrial.Co.,GreatStar Industrial USA,Wildfire,Very Low,High,Stable,Within 12 Months,Historical fire weather data indicates very low wildfire risk. No SSP scenario projects a material change in fire weather conditions at this location within 12 months. Fire risk data: P(FWI > 20) historical mean (1975-2000) = 0.000000; P(FWI > 20) projected = 0.000000; P(FWI > 50) historical mean (1975-2000) = 0.000000; P(FWI > 50) projected = 0.000000; fire ignition probability = 0.000000.,0.0%,0.0%
Hangzhou Greatstar Industrial.Co.,Arrow Fastener Co. HQ,Wildfire,Very Low,High,Stable,Within 12 Months,Historical fire weather data indicates very low wildfire risk. No SSP scenario projects a material change in fire weather conditions at this location within 12 months. Fire risk data: P(FWI > 20) historical mean (1975-2000) = 0.002005; P(FWI > 20) projected = 0.000000; P(FWI > 50) historical mean (1975-2000) = 0.000171; P(FWI > 50) projected = 0.000000; fire ignition probability = 0.000000.,0.0%,0.0%
Hangzhou Greatstar Industrial.Co.,Shop-Vac / SK Tools USA,Wildfire,Very Low,High,Stable,Within 12 Months,Historical fire weather data indicates very low wildfire risk. No SSP scenario projects a material change in fire weather conditions at this location within 12 months. Fire risk data: P(FWI > 20) historical mean (1975-2000) = 0.000472; P(FWI > 20) projected = 0.000000; P(FWI > 50) historical mean (1975-2000) = 0.000021; P(FWI > 50) projected = 0.000000; fire ignition probability = 0.000000.,0.0%,0.0%
Hangzhou Greatstar Industrial.Co.,Prime-Line Products,Wildfire,Very Low,High,Stable,Within 12 Months,Historical fire weather data indicates very low wildfire risk. No SSP scenario projects a material change in fire weather conditions at this location within 12 months. Fire risk data: P(FWI > 20) historical mean (1975-2000) = 0.999984; P(FWI > 20) projected = 1.000000; P(FWI > 50) historical mean (1975-2000) = 0.000000; P(FWI > 50) projected = 0.000000; fire ignition probability = 0.000000.,100.0%,0.0%
Hangzhou Greatstar Industrial.Co.,LISTA AG (Switzerland),Wildfire,Very Low,High,Stable,Within 12 Months,Historical fire weather data indicates very low wildfire risk. No SSP scenario projects a material change in fire weather conditions at this location within 12 months. Fire risk data: P(FWI > 20) historical mean (1975-2000) = 0.001597; P(FWI > 20) projected = 0.008170; P(FWI > 50) historical mean (1975-2000) = 0.000082; P(FWI > 50) projected = 0.000090; fire ignition probability = 0.000000.,0.8%,0.0%
Hangzhou Greatstar Industrial.Co.,BeA GmbH (Germany),Wildfire,Very Low,High,Stable,Within 12 Months,Historical fire weather data indicates very low wildfire risk. No SSP scenario projects a material change in fire weather conditions at this location within 12 months. Fire risk data: P(FWI > 20) historical mean (1975-2000) = 0.005317; P(FWI > 20) projected = 0.000000; P(FWI > 50) historical mean (1975-2000) = 0.000188; P(FWI > 50) projected = 0.000000; fire ignition probability = 0.000000.,0.0%,0.0%
Hangzhou Greatstar Industrial.Co.,Zhongshan Geelong Mfg,Wildfire,Very Low,High,Stable,Within 12 Months,Historical fire weather data indicates very low wildfire risk. No SSP scenario projects a material change in fire weather conditions at this location within 12 months. Fire risk data: P(FWI > 20) historical mean (1975-2000) = 0.043621; P(FWI > 20) projected = 0.000000; P(FWI > 50) historical mean (1975-2000) = 0.006134; P(FWI > 50) projected = 0.000000; fire ignition probability = 0.000000.,0.0%,0.0%
Hangzhou Greatstar Industrial.Co.,GreatStar Vietnam Base,Wildfire,Very Low,High,Stable,Within 12 Months,Historical fire weather data indicates very low wildfire risk. No SSP scenario projects a material change in fire weather conditions at this location within 12 months. Fire risk data: P(FWI > 20) historical mean (1975-2000) = 0.026245; P(FWI > 20) projected = 0.000040; P(FWI > 50) historical mean (1975-2000) = 0.004266; P(FWI > 50) projected = 0.000000; fire ignition probability = 0.000000.,0.0%,0.0%
Hangzhou Greatstar Industrial.Co.,GreatStar Thailand Base,Wildfire,Very High,Medium,Deteriorating,Within 12 Months,SSP scenario projections range from High to Very High wildfire risk reflecting uncertainty in future fire weather conditions. Projected increase in wildfire risk relative to historical baseline. Fire risk data: P(FWI > 20) historical mean (1975-2000) = 0.995337; P(FWI > 20) projected = 1.000000; P(FWI > 50) historical mean (1975-2000) = 0.000682; P(FWI > 50) projected = 0.000000; fire ignition probability = 0.500000.,100.0%,50.0%
Hangzhou Greatstar Industrial.Co.,Haining GreatStar Hub,Wildfire,Very Low,High,Stable,Within 12 Months,Historical fire weather data indicates very low wildfire risk. No SSP scenario projects a material change in fire weather conditions at this location within 12 months. Fire risk data: P(FWI > 20) historical mean (1975-2000) = 0.000832; P(FWI > 20) projected = 0.000000; P(FWI > 50) historical mean (1975-2000) = 0.000006; P(FWI > 50) projected = 0.000000; fire ignition probability = 0.000000.,0.0%,0.0%
Hangzhou Greatstar Industrial.Co.,Goldblatt / GreatStar R&D,Wildfire,Very Low,High,Stable,Within 12 Months,Historical fire weather data indicates very low wildfire risk. No SSP scenario projects a material change in fire weather conditions at this location within 12 months. Fire risk data: P(FWI > 20) historical mean (1975-2000) = 0.013612; P(FWI > 20) projected = 0.122310; P(FWI > 50) historical mean (1975-2000) = 0.000016; P(FWI > 50) projected = 0.000000; fire ignition probability = 0.000000.,12.2%,0.0%
Hangzhou Greatstar Industrial.Co.,GreatStar Changzhou Base,Wildfire,Very Low,High,Stable,Within 12 Months,Historical fire weather data indicates very low wildfire risk. No SSP scenario projects a material change in fire weather conditions at this location within 12 months. Fire risk data: P(FWI > 20) historical mean (1975-2000) = 0.001401; P(FWI > 20) projected = 0.000000; P(FWI > 50) historical mean (1975-2000) = 0.000022; P(FWI > 50) projected = 0.000000; fire ignition probability = 0.000000.,0.0%,0.0%
Hangzhou Greatstar Industrial.Co.,Xiaoshan Logistics Base,Wildfire,Very Low,High,Stable,Within 12 Months,Historical fire weather data indicates very low wildfire risk. No SSP scenario projects a material change in fire weather conditions at this location within 12 months. Fire risk data: P(FWI > 20) historical mean (1975-2000) = 0.028660; P(FWI > 20) projected = 0.000000; P(FWI > 50) historical mean (1975-2000) = 0.014727; P(FWI > 50) projected = 0.000000; fire ignition probability = 0.000000.,0.0%,0.0%
Perrigo Company,Global Headquarters,Wildfire,Very Low,High,Stable,Within 12 Months,Historical fire weather data indicates very low wildfire risk. No SSP scenario projects a material change in fire weather conditions at this location within 12 months. Fire risk data: P(FWI > 20) historical mean (1975-2000) = 0.008172; P(FWI > 20) projected = 0.000000; P(FWI > 50) historical mean (1975-2000) = 0.002311; P(FWI > 50) projected = 0.000000; fire ignition probability = 0.000000.,0.0%,0.0%
Perrigo Company,N. American Corporate HQ,Wildfire,Very Low,High,Stable,Within 12 Months,Historical fire weather data indicates very low wildfire risk. No SSP scenario projects a material change in fire weather conditions at this location within 12 months. Fire risk data: P(FWI > 20) historical mean (1975-2000) = 0.003123; P(FWI > 20) projected = 0.005750; P(FWI > 50) historical mean (1975-2000) = 0.000016; P(FWI > 50) projected = 0.000000; fire ignition probability = 0.000000.,0.6%,0.0%
Perrigo Company,Allegan Main Campus,Wildfire,Very Low,High,Stable,Within 12 Months,Historical fire weather data indicates very low wildfire risk. No SSP scenario projects a material change in fire weather conditions at this location within 12 months. Fire risk data: P(FWI > 20) historical mean (1975-2000) = 0.011203; P(FWI > 20) projected = 0.002820; P(FWI > 50) historical mean (1975-2000) = 0.001200; P(FWI > 50) projected = 0.000000; fire ignition probability = 0.000000.,0.3%,0.0%
Perrigo Company,Allegan Water St Plant,Wildfire,Very Low,High,Stable,Within 12 Months,Historical fire weather data indicates very low wildfire risk. No SSP scenario projects a material change in fire weather conditions at this location within 12 months. Fire risk data: P(FWI > 20) historical mean (1975-2000) = 0.011203; P(FWI > 20) projected = 0.002820; P(FWI > 50) historical mean (1975-2000) = 0.001200; P(FWI > 50) projected = 0.000000; fire ignition probability = 0.000000.,0.3%,0.0%
Perrigo Company,Eau Claire Facility,Wildfire,Very Low,High,Stable,Within 12 Months,Historical fire weather data indicates very low wildfire risk. No SSP scenario projects a material change in fire weather conditions at this location within 12 months. Fire risk data: P(FWI > 20) historical mean (1975-2000) = 0.030124; P(FWI > 20) projected = 0.008810; P(FWI > 50) historical mean (1975-2000) = 0.002320; P(FWI > 50) projected = 0.000000; fire ignition probability = 0.000000.,0.9%,0.0%
Perrigo Company,PBM Nutritionals (Vermont),Wildfire,Very Low,High,Stable,Within 12 Months,Historical fire weather data indicates very low wildfire risk. No SSP scenario projects a material change in fire weather conditions at this location within 12 months. Fire risk data: P(FWI > 20) historical mean (1975-2000) = 0.001622; P(FWI > 20) projected = 0.000000; P(FWI > 50) historical mean (1975-2000) = 0.000330; P(FWI > 50) projected = 0.000000; fire ignition probability = 0.000000.,0.0%,0.0%
Perrigo Company,Perrigo Direct Hub,Wildfire,Very Low,High,Stable,Within 12 Months,Historical fire weather data indicates very low wildfire risk. No SSP scenario projects a material change in fire weather conditions at this location within 12 months. Fire risk data: P(FWI > 20) historical mean (1975-2000) = 0.001076; P(FWI > 20) projected = 0.000000; P(FWI > 50) historical mean (1975-2000) = 0.000012; P(FWI > 50) projected = 0.000000; fire ignition probability = 0.000000.,0.0%,0.0%
Perrigo Company,Omaha Logistics Center,Wildfire,Very Low,High,Stable,Within 12 Months,Historical fire weather data indicates very low wildfire risk. No SSP scenario projects a material change in fire weather conditions at this location within 12 months. Fire risk data: P(FWI > 20) historical mean (1975-2000) = 0.045638; P(FWI > 20) projected = 0.364930; P(FWI > 50) historical mean (1975-2000) = 0.001049; P(FWI > 50) projected = 0.000000; fire ignition probability = 0.000000.,36.5%,0.0%
Perrigo Company,Perrigo Israel (Yeruham),Wildfire,Very Low,High,Stable,Within 12 Months,Historical fire weather data indicates very low wildfire risk. No SSP scenario projects a material change in fire weather conditions at this location within 12 months. Fire risk data: P(FWI > 20) historical mean (1975-2000) = 1.000000; P(FWI > 20) projected = 1.000000; P(FWI > 50) historical mean (1975-2000) = 0.000000; P(FWI > 50) projected = 0.000000; fire ignition probability = 0.000000.,100.0%,0.0%
Perrigo Company,Perrigo Mexico,Wildfire,Very Low,High,Stable,Within 12 Months,Historical fire weather data indicates very low wildfire risk. No SSP scenario projects a material change in fire weather conditions at this location within 12 months. Fire risk data: P(FWI > 20) historical mean (1975-2000) = 1.000000; P(FWI > 20) projected = 1.000000; P(FWI > 50) historical mean (1975-2000) = 0.002633; P(FWI > 50) projected = 0.004760; fire ignition probability = 0.000000.,100.0%,0.0%
Perrigo Company,Wrafton Laboratories (UK),Wildfire,Very Low,High,Stable,Within 12 Months,Historical fire weather data indicates very low wildfire risk. No SSP scenario projects a material change in fire weather conditions at this location within 12 months. Fire risk data: P(FWI > 20) historical mean (1975-2000) = 0.001151; P(FWI > 20) projected = 0.000000; P(FWI > 50) historical mean (1975-2000) = 0.000025; P(FWI > 50) projected = 0.000000; fire ignition probability = 0.000000.,0.0%,0.0%
Perrigo Company,Galpharm International,Wildfire,Very Low,High,Stable,Within 12 Months,Historical fire weather data indicates very low wildfire risk. No SSP scenario projects a material change in fire weather conditions at this location within 12 months. Fire risk data: P(FWI > 20) historical mean (1975-2000) = 0.003149; P(FWI > 20) projected = 0.000000; P(FWI > 50) historical mean (1975-2000) = 0.000572; P(FWI > 50) projected = 0.000000; fire ignition probability = 0.000000.,0.0%,0.0%
Perrigo Company,Rosemont Pharmaceuticals,Wildfire,Very Low,High,Stable,Within 12 Months,Historical fire weather data indicates very low wildfire risk. No SSP scenario projects a material change in fire weather conditions at this location within 12 months. Fire risk data: P(FWI > 20) historical mean (1975-2000) = 0.001104; P(FWI > 20) projected = 0.000000; P(FWI > 50) historical mean (1975-2000) = 0.000020; P(FWI > 50) projected = 0.000000; fire ignition probability = 0.000000.,0.0%,0.0%
Perrigo Company,HRA Pharma Global HQ,Wildfire,Very Low,High,Stable,Within 12 Months,Historical fire weather data indicates very low wildfire risk. No SSP scenario projects a material change in fire weather conditions at this location within 12 months. Fire risk data: P(FWI > 20) historical mean (1975-2000) = 0.000016; P(FWI > 20) projected = 0.012290; P(FWI > 50) historical mean (1975-2000) = 0.000000; P(FWI > 50) projected = 0.000000; fire ignition probability = 0.000000.,1.2%,0.0%
Perrigo Company,HRA Pharma US,Wildfire,Very Low,High,Stable,Within 12 Months,Historical fire weather data indicates very low wildfire risk. No SSP scenario projects a material change in fire weather conditions at this location within 12 months. Fire risk data: P(FWI > 20) historical mean (1975-2000) = 0.000371; P(FWI > 20) projected = 0.000000; P(FWI > 50) historical mean (1975-2000) = 0.000000; P(FWI > 50) projected = 0.000000; fire ignition probability = 0.000000.,0.0%,0.0%
The Hain Celestial Group,Global Headquarters,Wildfire,Very Low,High,Stable,Within 12 Months,Historical fire weather data indicates very low wildfire risk. No SSP scenario projects a material change in fire weather conditions at this location within 12 months. Fire risk data: P(FWI > 20) historical mean (1975-2000) = 0.000018; P(FWI > 20) projected = 0.000000; P(FWI > 50) historical mean (1975-2000) = 0.000000; P(FWI > 50) projected = 0.000000; fire ignition probability = 0.000000.,0.0%,0.0%
The Hain Celestial Group,Celestial Seasonings,Wildfire,Very Low,High,Stable,Within 12 Months,Historical fire weather data indicates very low wildfire risk. No SSP scenario projects a material change in fire weather conditions at this location within 12 months. Fire risk data: P(FWI > 20) historical mean (1975-2000) = 0.789989; P(FWI > 20) projected = 1.000000; P(FWI > 50) historical mean (1975-2000) = 0.015029; P(FWI > 50) projected = 0.000030; fire ignition probability = 0.000000.,100.0%,0.0%
The Hain Celestial Group,Hain Personal Care Hub,Wildfire,Very Low,High,Stable,Within 12 Months,Historical fire weather data indicates very low wildfire risk. No SSP scenario projects a material change in fire weather conditions at this location within 12 months. Fire risk data: P(FWI > 20) historical mean (1975-2000) = 0.999978; P(FWI > 20) projected = 1.000000; P(FWI > 50) historical mean (1975-2000) = 0.007365; P(FWI > 50) projected = 0.000000; fire ignition probability = 0.000000.,100.0%,0.0%
The Hain Celestial Group,Hain Celestial Canada HQ,Wildfire,Very Low,High,Stable,Within 12 Months,Historical fire weather data indicates very low wildfire risk. No SSP scenario projects a material change in fire weather conditions at this location within 12 months. Fire risk data: P(FWI > 20) historical mean (1975-2000) = 0.000400; P(FWI > 20) projected = 0.000000; P(FWI > 50) historical mean (1975-2000) = 0.000006; P(FWI > 50) projected = 0.000000; fire ignition probability = 0.000000.,0.0%,0.0%
The Hain Celestial Group,Mississauga Facility,Wildfire,Very Low,High,Stable,Within 12 Months,Historical fire weather data indicates very low wildfire risk. No SSP scenario projects a material change in fire weather conditions at this location within 12 months. Fire risk data: P(FWI > 20) historical mean (1975-2000) = 0.000400; P(FWI > 20) projected = 0.000000; P(FWI > 50) historical mean (1975-2000) = 0.000006; P(FWI > 50) projected = 0.000000; fire ignition probability = 0.000000.,0.0%,0.0%
The Hain Celestial Group,Hain Daniels (Fakenham),Wildfire,Very Low,High,Stable,Within 12 Months,Historical fire weather data indicates very low wildfire risk. No SSP scenario projects a material change in fire weather conditions at this location within 12 months. Fire risk data: P(FWI > 20) historical mean (1975-2000) = 0.001537; P(FWI > 20) projected = 0.000000; P(FWI > 50) historical mean (1975-2000) = 0.000013; P(FWI > 50) projected = 0.000000; fire ignition probability = 0.000000.,0.0%,0.0%
The Hain Celestial Group,Hain Daniels (Histon),Wildfire,Very Low,High,Stable,Within 12 Months,Historical fire weather data indicates very low wildfire risk. No SSP scenario projects a material change in fire weather conditions at this location within 12 months. Fire risk data: P(FWI > 20) historical mean (1975-2000) = 0.001367; P(FWI > 20) projected = 0.000000; P(FWI > 50) historical mean (1975-2000) = 0.000009; P(FWI > 50) projected = 0.000000; fire ignition probability = 0.000000.,0.0%,0.0%
The Hain Celestial Group,Fresh Innovation Centre,Wildfire,Very Low,High,Stable,Within 12 Months,Historical fire weather data indicates very low wildfire risk. No SSP scenario projects a material change in fire weather conditions at this location within 12 months. Fire risk data: P(FWI > 20) historical mean (1975-2000) = 0.000127; P(FWI > 20) projected = 0.000000; P(FWI > 50) historical mean (1975-2000) = 0.000000; P(FWI > 50) projected = 0.000000; fire ignition probability = 0.000000.,0.0%,0.0%
The Hain Celestial Group,Ella’s Kitchen HQ,Wildfire,Very Low,High,Stable,Within 12 Months,Historical fire weather data indicates very low wildfire risk. No SSP scenario projects a material change in fire weather conditions at this location within 12 months. Fire risk data: P(FWI > 20) historical mean (1975-2000) = 0.002416; P(FWI > 20) projected = 0.000000; P(FWI > 50) historical mean (1975-2000) = 0.000039; P(FWI > 50) projected = 0.000000; fire ignition probability = 0.000000.,0.0%,0.0%
The Hain Celestial Group,Natumi GmbH,Wildfire,Very Low,High,Stable,Within 12 Months,Historical fire weather data indicates very low wildfire risk. No SSP scenario projects a material change in fire weather conditions at this location within 12 months. Fire risk data: P(FWI > 20) historical mean (1975-2000) = 0.007086; P(FWI > 20) projected = 0.000000; P(FWI > 50) historical mean (1975-2000) = 0.000400; P(FWI > 50) projected = 0.000000; fire ignition probability = 0.000000.,0.0%,0.0%
The Hain Celestial Group,Mona Naturprodukte (Joya),Wildfire,Very Low,High,Stable,Within 12 Months,Historical fire weather data indicates very low wildfire risk. No SSP scenario projects a material change in fire weather conditions at this location within 12 months. Fire risk data: P(FWI > 20) historical mean (1975-2000) = 0.023280; P(FWI > 20) projected = 0.007210; P(FWI > 50) historical mean (1975-2000) = 0.011997; P(FWI > 50) projected = 0.000010; fire ignition probability = 0.000000.,0.7%,0.0%
The Hain Celestial Group,Cully & Sully,Wildfire,Very Low,High,Stable,Within 12 Months,Historical fire weather data indicates very low wildfire risk. No SSP scenario projects a material change in fire weather conditions at this location within 12 months. Fire risk data: P(FWI > 20) historical mean (1975-2000) = 0.007888; P(FWI > 20) projected = 0.000000; P(FWI > 50) historical mean (1975-2000) = 0.003353; P(FWI > 50) projected = 0.000000; fire ignition probability = 0.000000.,0.0%,0.0%
The Hain Celestial Group,Yorkshire Provender,Wildfire,Very Low,High,Stable,Within 12 Months,Historical fire weather data indicates very low wildfire risk. No SSP scenario projects a material change in fire weather conditions at this location within 12 months. Fire risk data: P(FWI > 20) historical mean (1975-2000) = 0.000220; P(FWI > 20) projected = 0.000000; P(FWI > 50) historical mean (1975-2000) = 0.000001; P(FWI > 50) projected = 0.000000; fire ignition probability = 0.000000.,0.0%,0.0%
ZURU LLC.,ZURU Global HQ,Wildfire,Very Low,High,Stable,Within 12 Months,Historical fire weather data indicates very low wildfire risk. No SSP scenario projects a material change in fire weather conditions at this location within 12 months. Fire risk data: P(FWI > 20) historical mean (1975-2000) = 0.066135; P(FWI > 20) projected = 0.004830; P(FWI > 50) historical mean (1975-2000) = 0.032088; P(FWI > 50) projected = 0.000000; fire ignition probability = 0.000000.,0.5%,0.0%
ZURU LLC.,ZURU US Flagship Campus,Wildfire,Very Low,High,Stable,Within 12 Months,Historical fire weather data indicates very low wildfire risk. No SSP scenario projects a material change in fire weather conditions at this location within 12 months. Fire risk data: P(FWI > 20) historical mean (1975-2000) = 0.999988; P(FWI > 20) projected = 1.000000; P(FWI > 50) historical mean (1975-2000) = 0.000022; P(FWI > 50) projected = 0.000000; fire ignition probability = 0.000000.,100.0%,0.0%
ZURU LLC.,ZURU Shenzhen Hub,Wildfire,Very Low,Medium,Stable,Within 12 Months,Historical fire weather data indicates very low wildfire risk. No SSP scenario projects a material change in fire weather conditions at this location within 12 months. Fire risk data: P(FWI > 20) historical mean (1975-2000) = 0.046418; P(FWI > 20) projected = 0.005560; P(FWI > 50) historical mean (1975-2000) = 0.004558; P(FWI > 50) projected = 0.000000; fire ignition probability = 0.571429.,0.6%,57.1%
ZURU LLC.,ZURU Huizhou Smart Factory,Wildfire,Very Low,High,Stable,Within 12 Months,Historical fire weather data indicates very low wildfire risk. No SSP scenario projects a material change in fire weather conditions at this location within 12 months. Fire risk data: P(FWI > 20) historical mean (1975-2000) = 0.033315; P(FWI > 20) projected = 0.000160; P(FWI > 50) historical mean (1975-2000) = 0.002249; P(FWI > 50) projected = 0.000000; fire ignition probability = 0.000000.,0.0%,0.0%
ZURU LLC.,ZURU Guangzhou Plant,Wildfire,Very Low,High,Stable,Within 12 Months,Historical fire weather data indicates very low wildfire risk. No SSP scenario projects a material change in fire weather conditions at this location within 12 months. Fire risk data: P(FWI > 20) historical mean (1975-2000) = 0.023522; P(FWI > 20) projected = 0.000000; P(FWI > 50) historical mean (1975-2000) = 0.001944; P(FWI > 50) projected = 0.000000; fire ignition probability = 0.000000.,0.0%,0.0%
ZURU LLC.,ZURU New Zealand HQ,Wildfire,Very Low,High,Stable,Within 12 Months,Historical fire weather data indicates very low wildfire risk. No SSP scenario projects a material change in fire weather conditions at this location within 12 months. Fire risk data: P(FWI > 20) historical mean (1975-2000) = 0.000000; P(FWI > 20) projected = 0.000000; P(FWI > 50) historical mean (1975-2000) = 0.000000; P(FWI > 50) projected = 0.000000; fire ignition probability = 0.000000.,0.0%,0.0%
ZURU LLC.,ZURU Tech Italy (Modena),Wildfire,Very Low,High,Stable,Within 12 Months,Historical fire weather data indicates very low wildfire risk. No SSP scenario projects a material change in fire weather conditions at this location within 12 months. Fire risk data: P(FWI > 20) historical mean (1975-2000) = 0.000348; P(FWI > 20) projected = 0.029460; P(FWI > 50) historical mean (1975-2000) = 0.000000; P(FWI > 50) projected = 0.000000; fire ignition probability = 0.000000.,2.9%,0.0%
ZURU LLC.,ZURU Tech India (Ahmedabad),Wildfire,Very High,High,Stable,Within 12 Months,All SSP scenarios consistently project Very High wildfire risk. Fire risk data: P(FWI > 20) historical mean (1975-2000) = 1.000000; P(FWI > 20) projected = 1.000000; P(FWI > 50) historical mean (1975-2000) = 1.000000; P(FWI > 50) projected = 1.000000; fire ignition probability = 0.642857.,100.0%,64.3%
ZURU LLC.,ZURU Tech India (Kolkata),Wildfire,Very Low,High,Stable,Within 12 Months,Historical fire weather data indicates very low wildfire risk. No SSP scenario projects a material change in fire weather conditions at this location within 12 months. Fire risk data: P(FWI > 20) historical mean (1975-2000) = 1.000000; P(FWI > 20) projected = 1.000000; P(FWI > 50) historical mean (1975-2000) = 0.026986; P(FWI > 50) projected = 0.164520; fire ignition probability = 0.000000.,100.0%,0.0%
ZURU LLC.,ZURU Bentonville Office,Wildfire,Very Low,High,Stable,Within 12 Months,Historical fire weather data indicates very low wildfire risk. No SSP scenario projects a material change in fire weather conditions at this location within 12 months. Fire risk data: P(FWI > 20) historical mean (1975-2000) = 0.027346; P(FWI > 20) projected = 0.136090; P(FWI > 50) historical mean (1975-2000) = 0.001720; P(FWI > 50) projected = 0.000000; fire ignition probability = 0.000000.,13.6%,0.0%
ZURU LLC.,ZURU Tech Italy (Milan),Wildfire,Very Low,High,Stable,Within 12 Months,Historical fire weather data indicates very low wildfire risk. No SSP scenario projects a material change in fire weather conditions at this location within 12 months. Fire risk data: P(FWI > 20) historical mean (1975-2000) = 0.000663; P(FWI > 20) projected = 0.074410; P(FWI > 50) historical mean (1975-2000) = 0.000012; P(FWI > 50) projected = 0.002370; fire ignition probability = 0.000000.,7.4%,0.0%
ZURU LLC.,ZURU Dongguan Tech Center,Wildfire,Very Low,High,Stable,Within 12 Months,Historical fire weather data indicates very low wildfire risk. No SSP scenario projects a material change in fire weather conditions at this location within 12 months. Fire risk data: P(FWI > 20) historical mean (1975-2000) = 0.041031; P(FWI > 20) projected = 0.000010; P(FWI > 50) historical mean (1975-2000) = 0.012901; P(FWI > 50) projected = 0.000000; fire ignition probability = 0.285714.,0.0%,28.6%
John Paul Mitchell Systems,Global Headquarters,Wildfire,Very Low,High,Stable,Within 12 Months,Historical fire weather data indicates very low wildfire risk. No SSP scenario projects a material change in fire weather conditions at this location within 12 months. Fire risk data: P(FWI > 20) historical mean (1975-2000) = 0.999943; P(FWI > 20) projected = 1.000000; P(FWI > 50) historical mean (1975-2000) = 0.002764; P(FWI > 50) projected = 0.000000; fire ignition probability = 0.000000.,100.0%,0.0%
John Paul Mitchell Systems,JPMS Creative Center,Wildfire,Very Low,High,Stable,Within 12 Months,Historical fire weather data indicates very low wildfire risk. No SSP scenario projects a material change in fire weather conditions at this location within 12 months. Fire risk data: P(FWI > 20) historical mean (1975-2000) = 0.999990; P(FWI > 20) projected = 1.000000; P(FWI > 50) historical mean (1975-2000) = 0.005830; P(FWI > 50) projected = 0.000000; fire ignition probability = 0.000000.,100.0%,0.0%
John Paul Mitchell Systems,Santa Clarita DC,Wildfire,Very Low,High,Stable,Within 12 Months,Historical fire weather data indicates very low wildfire risk. No SSP scenario projects a material change in fire weather conditions at this location within 12 months. Fire risk data: P(FWI > 20) historical mean (1975-2000) = 0.999943; P(FWI > 20) projected = 1.000000; P(FWI > 50) historical mean (1975-2000) = 0.002764; P(FWI > 50) projected = 0.000000; fire ignition probability = 0.000000.,100.0%,0.0%
John Paul Mitchell Systems,The Awapuhi Farm,Wildfire,Very Low,High,Stable,Within 12 Months,Historical fire weather data indicates very low wildfire risk. No SSP scenario projects a material change in fire weather conditions at this location within 12 months. Fire risk data: P(FWI > 20) historical mean (1975-2000) = 0.000572; P(FWI > 20) projected = 0.000000; P(FWI > 50) historical mean (1975-2000) = 0.000006; P(FWI > 50) projected = 0.000000; fire ignition probability = 0.000000.,0.0%,0.0%
John Paul Mitchell Systems,JPMS UK (Salon Success),Wildfire,Very Low,High,Stable,Within 12 Months,Historical fire weather data indicates very low wildfire risk. No SSP scenario projects a material change in fire weather conditions at this location within 12 months. Fire risk data: P(FWI > 20) historical mean (1975-2000) = 0.000017; P(FWI > 20) projected = 0.000000; P(FWI > 50) historical mean (1975-2000) = 0.000000; P(FWI > 50) projected = 0.000000; fire ignition probability = 0.000000.,0.0%,0.0%
John Paul Mitchell Systems,JPMS European Hub,Wildfire,Very Low,High,Stable,Within 12 Months,Historical fire weather data indicates very low wildfire risk. No SSP scenario projects a material change in fire weather conditions at this location within 12 months. Fire risk data: P(FWI > 20) historical mean (1975-2000) = 0.017530; P(FWI > 20) projected = 0.003830; P(FWI > 50) historical mean (1975-2000) = 0.008302; P(FWI > 50) projected = 0.000010; fire ignition probability = 0.000000.,0.4%,0.0%
John Paul Mitchell Systems,Pro-motive (Subsidiary),Wildfire,Very Low,High,Stable,Within 12 Months,Historical fire weather data indicates very low wildfire risk. No SSP scenario projects a material change in fire weather conditions at this location within 12 months. Fire risk data: P(FWI > 20) historical mean (1975-2000) = 0.999943; P(FWI > 20) projected = 1.000000; P(FWI > 50) historical mean (1975-2000) = 0.002764; P(FWI > 50) projected = 0.000000; fire ignition probability = 0.000000.,100.0%,0.0%
John Paul Mitchell Systems,Distribution Center East,Wildfire,Very Low,High,Stable,Within 12 Months,Historical fire weather data indicates very low wildfire risk. No SSP scenario projects a material change in fire weather conditions at this location within 12 months. Fire risk data: P(FWI > 20) historical mean (1975-2000) = 0.044089; P(FWI > 20) projected = 0.183660; P(FWI > 50) historical mean (1975-2000) = 0.008016; P(FWI > 50) projected = 0.000000; fire ignition probability = 0.000000.,18.4%,0.0%
Natural Organics Inc.,Global Headquarters,Wildfire,Very Low,High,Stable,Within 12 Months,Historical fire weather data indicates very low wildfire risk. No SSP scenario projects a material change in fire weather conditions at this location within 12 months. Fire risk data: P(FWI > 20) historical mean (1975-2000) = 0.005123; P(FWI > 20) projected = 0.000000; P(FWI > 50) historical mean (1975-2000) = 0.000630; P(FWI > 50) projected = 0.000000; fire ignition probability = 0.000000.,0.0%,0.0%
Natural Organics Inc.,Melville Manufacturing,Wildfire,Very Low,High,Stable,Within 12 Months,Historical fire weather data indicates very low wildfire risk. No SSP scenario projects a material change in fire weather conditions at this location within 12 months. Fire risk data: P(FWI > 20) historical mean (1975-2000) = 0.005123; P(FWI > 20) projected = 0.000000; P(FWI > 50) historical mean (1975-2000) = 0.000630; P(FWI > 50) projected = 0.000000; fire ignition probability = 0.000000.,0.0%,0.0%
Natural Organics Inc.,The Pharma-Lab,Wildfire,Very Low,High,Stable,Within 12 Months,Historical fire weather data indicates very low wildfire risk. No SSP scenario projects a material change in fire weather conditions at this location within 12 months. Fire risk data: P(FWI > 20) historical mean (1975-2000) = 0.005123; P(FWI > 20) projected = 0.000000; P(FWI > 50) historical mean (1975-2000) = 0.000630; P(FWI > 50) projected = 0.000000; fire ignition probability = 0.000000.,0.0%,0.0%
Natural Organics Inc.,Melville Distribution,Wildfire,Very Low,High,Stable,Within 12 Months,Historical fire weather data indicates very low wildfire risk. No SSP scenario projects a material change in fire weather conditions at this location within 12 months. Fire risk data: P(FWI > 20) historical mean (1975-2000) = 0.005123; P(FWI > 20) projected = 0.000000; P(FWI > 50) historical mean (1975-2000) = 0.000630; P(FWI > 50) projected = 0.000000; fire ignition probability = 0.000000.,0.0%,0.0%
Natural Organics Inc.,Amityville Facility,Wildfire,Very Low,High,Stable,Within 12 Months,Historical fire weather data indicates very low wildfire risk. No SSP scenario projects a material change in fire weather conditions at this location within 12 months. Fire risk data: P(FWI > 20) historical mean (1975-2000) = 0.005794; P(FWI > 20) projected = 0.000000; P(FWI > 50) historical mean (1975-2000) = 0.000830; P(FWI > 50) projected = 0.000000; fire ignition probability = 0.000000.,0.0%,0.0%
Natural Organics Inc.,Nature’s Plus UK,Wildfire,Very Low,High,Stable,Within 12 Months,Historical fire weather data indicates very low wildfire risk. No SSP scenario projects a material change in fire weather conditions at this location within 12 months. Fire risk data: P(FWI > 20) historical mean (1975-2000) = 0.007796; P(FWI > 20) projected = 0.000000; P(FWI > 50) historical mean (1975-2000) = 0.003297; P(FWI > 50) projected = 0.000000; fire ignition probability = 0.000000.,0.0%,0.0%
Natural Organics Inc.,Euro-Nutrition Hub,Wildfire,Very Low,High,Stable,Within 12 Months,Historical fire weather data indicates very low wildfire risk. No SSP scenario projects a material change in fire weather conditions at this location within 12 months. Fire risk data: P(FWI > 20) historical mean (1975-2000) = 0.001662; P(FWI > 20) projected = 0.000000; P(FWI > 50) historical mean (1975-2000) = 0.000067; P(FWI > 50) projected = 0.000000; fire ignition probability = 0.000000.,0.0%,0.0%
