supplier_name,facility_name,risk_type,risk_level,timeframe,ilo_sdg_8_8_2_score,working_poverty_rate_pct,work_injury_coverage_rate,minimum_wage_ppp_usd_monthly,context
Garmin International,Global Headquarters,Worker Rights - Labour Rights,High,Baseline,3.83,87.2,0.0,1257.0,"ILO SDG 8.8.2 score 3.83 (moderate labour rights constraints); working poverty rate: 87.2% (very high); work injury scheme coverage: 0 (absent or data gap); minimum wage: PPP USD 1,257/month. Baseline risk level: High."
Garmin International,Global Headquarters,Worker Rights - Remuneration,Low,Baseline,3.83,87.2,0.0,1257.0,"ILO SDG 8.8.2 score 3.83 (moderate labour rights constraints); working poverty rate: 87.2% (very high); work injury scheme coverage: 0 (absent or data gap); minimum wage: PPP USD 1,257/month. Baseline risk level: Low."
Garmin International,Olathe Manufacturing,Worker Rights - Labour Rights,High,Baseline,3.83,87.2,0.0,1257.0,"ILO SDG 8.8.2 score 3.83 (moderate labour rights constraints); working poverty rate: 87.2% (very high); work injury scheme coverage: 0 (absent or data gap); minimum wage: PPP USD 1,257/month. Baseline risk level: High."
Garmin International,Olathe Manufacturing,Worker Rights - Remuneration,Low,Baseline,3.83,87.2,0.0,1257.0,"ILO SDG 8.8.2 score 3.83 (moderate labour rights constraints); working poverty rate: 87.2% (very high); work injury scheme coverage: 0 (absent or data gap); minimum wage: PPP USD 1,257/month. Baseline risk level: Low."
Garmin International,Garmin Salem,Worker Rights - Labour Rights,High,Baseline,3.83,87.2,0.0,1257.0,"ILO SDG 8.8.2 score 3.83 (moderate labour rights constraints); working poverty rate: 87.2% (very high); work injury scheme coverage: 0 (absent or data gap); minimum wage: PPP USD 1,257/month. Baseline risk level: High."
Garmin International,Garmin Salem,Worker Rights - Remuneration,Low,Baseline,3.83,87.2,0.0,1257.0,"ILO SDG 8.8.2 score 3.83 (moderate labour rights constraints); working poverty rate: 87.2% (very high); work injury scheme coverage: 0 (absent or data gap); minimum wage: PPP USD 1,257/month. Baseline risk level: Low."
Garmin International,Garmin Chandler,Worker Rights - Labour Rights,High,Baseline,3.83,87.2,0.0,1257.0,"ILO SDG 8.8.2 score 3.83 (moderate labour rights constraints); working poverty rate: 87.2% (very high); work injury scheme coverage: 0 (absent or data gap); minimum wage: PPP USD 1,257/month. Baseline risk level: High."
Garmin International,Garmin Chandler,Worker Rights - Remuneration,Low,Baseline,3.83,87.2,0.0,1257.0,"ILO SDG 8.8.2 score 3.83 (moderate labour rights constraints); working poverty rate: 87.2% (very high); work injury scheme coverage: 0 (absent or data gap); minimum wage: PPP USD 1,257/month. Baseline risk level: Low."
Garmin International,Lin Kou Plant (Taiwan),Worker Rights - Labour Rights,Very Low,Baseline,0.0,0.0,0.0,0.0,ILO SDG 8.8.2 score 0.0 (full compliance or data gap — requires contextual interpretation); working poverty rate: ~0% (near-zero); work injury scheme coverage: 0 (absent or data gap); minimum wage: not reported / data gap. Baseline risk level: Very Low.
Garmin International,Lin Kou Plant (Taiwan),Worker Rights - Remuneration,Medium,Baseline,0.0,0.0,0.0,0.0,ILO SDG 8.8.2 score 0.0 (full compliance or data gap — requires contextual interpretation); working poverty rate: ~0% (near-zero); work injury scheme coverage: 0 (absent or data gap); minimum wage: not reported / data gap. Baseline risk level: Medium.
Garmin International,Zhongli Plant (Taiwan),Worker Rights - Labour Rights,Very Low,Baseline,0.0,0.0,0.0,0.0,ILO SDG 8.8.2 score 0.0 (full compliance or data gap — requires contextual interpretation); working poverty rate: ~0% (near-zero); work injury scheme coverage: 0 (absent or data gap); minimum wage: not reported / data gap. Baseline risk level: Very Low.
Garmin International,Zhongli Plant (Taiwan),Worker Rights - Remuneration,Medium,Baseline,0.0,0.0,0.0,0.0,ILO SDG 8.8.2 score 0.0 (full compliance or data gap — requires contextual interpretation); working poverty rate: ~0% (near-zero); work injury scheme coverage: 0 (absent or data gap); minimum wage: not reported / data gap. Baseline risk level: Medium.
Garmin International,Tainan Plant (Taiwan),Worker Rights - Labour Rights,Very Low,Baseline,0.0,0.0,0.0,0.0,ILO SDG 8.8.2 score 0.0 (full compliance or data gap — requires contextual interpretation); working poverty rate: ~0% (near-zero); work injury scheme coverage: 0 (absent or data gap); minimum wage: not reported / data gap. Baseline risk level: Very Low.
Garmin International,Tainan Plant (Taiwan),Worker Rights - Remuneration,Medium,Baseline,0.0,0.0,0.0,0.0,ILO SDG 8.8.2 score 0.0 (full compliance or data gap — requires contextual interpretation); working poverty rate: ~0% (near-zero); work injury scheme coverage: 0 (absent or data gap); minimum wage: not reported / data gap. Baseline risk level: Medium.
Garmin International,Garmin Europe HQ,Worker Rights - Labour Rights,Low,Baseline,1.25,81.5,0.0,2816.509,"ILO SDG 8.8.2 score 1.25 (low labour rights violations); working poverty rate: 81.5% (very high); work injury scheme coverage: 0 (absent or data gap); minimum wage: PPP USD 2,817/month. Baseline risk level: Low."
Garmin International,Garmin Europe HQ,Worker Rights - Remuneration,Very Low,Baseline,1.25,81.5,0.0,2816.509,"ILO SDG 8.8.2 score 1.25 (low labour rights violations); working poverty rate: 81.5% (very high); work injury scheme coverage: 0 (absent or data gap); minimum wage: PPP USD 2,817/month. Baseline risk level: Very Low."
Garmin International,Würzburg R&D (Germany),Worker Rights - Labour Rights,Very Low,Baseline,0.38,100.0,0.0,2922.223,"ILO SDG 8.8.2 score 0.38 (low labour rights violations); working poverty rate: 100.0% (very high); work injury scheme coverage: 0 (absent or data gap); minimum wage: PPP USD 2,922/month. Baseline risk level: Very Low."
Garmin International,Würzburg R&D (Germany),Worker Rights - Remuneration,Very Low,Baseline,0.38,100.0,0.0,2922.223,"ILO SDG 8.8.2 score 0.38 (low labour rights violations); working poverty rate: 100.0% (very high); work injury scheme coverage: 0 (absent or data gap); minimum wage: PPP USD 2,922/month. Baseline risk level: Very Low."
Garmin International,Garmin Cluj (Romania),Worker Rights - Labour Rights,High,Baseline,2.44,67.2,0.0,1753.697,"ILO SDG 8.8.2 score 2.44 (moderate labour rights constraints); working poverty rate: 67.2% (very high); work injury scheme coverage: 0 (absent or data gap); minimum wage: PPP USD 1,754/month. Baseline risk level: High."
Garmin International,Garmin Cluj (Romania),Worker Rights - Remuneration,Low,Baseline,2.44,67.2,0.0,1753.697,"ILO SDG 8.8.2 score 2.44 (moderate labour rights constraints); working poverty rate: 67.2% (very high); work injury scheme coverage: 0 (absent or data gap); minimum wage: PPP USD 1,754/month. Baseline risk level: Low."
Garmin International,Garmin Singapore,Worker Rights - Labour Rights,High,Baseline,2.7,95.9,0.0,0.0,ILO SDG 8.8.2 score 2.7 (moderate labour rights constraints); working poverty rate: 95.9% (very high); work injury scheme coverage: 0 (absent or data gap); minimum wage: not reported / data gap. Baseline risk level: High.
Garmin International,Garmin Singapore,Worker Rights - Remuneration,Low,Baseline,2.7,95.9,0.0,0.0,ILO SDG 8.8.2 score 2.7 (moderate labour rights constraints); working poverty rate: 95.9% (very high); work injury scheme coverage: 0 (absent or data gap); minimum wage: not reported / data gap. Baseline risk level: Low.
Garmin International,Garmin Birtley (UK),Worker Rights - Labour Rights,Low,Baseline,1.25,81.5,0.0,2816.509,"ILO SDG 8.8.2 score 1.25 (low labour rights violations); working poverty rate: 81.5% (very high); work injury scheme coverage: 0 (absent or data gap); minimum wage: PPP USD 2,817/month. Baseline risk level: Low."
Garmin International,Garmin Birtley (UK),Worker Rights - Remuneration,Very Low,Baseline,1.25,81.5,0.0,2816.509,"ILO SDG 8.8.2 score 1.25 (low labour rights violations); working poverty rate: 81.5% (very high); work injury scheme coverage: 0 (absent or data gap); minimum wage: PPP USD 2,817/month. Baseline risk level: Very Low."
Garmin International,Garmin Australasia,Worker Rights - Labour Rights,Low,Baseline,0.72,79.9,0.0,2802.603,"ILO SDG 8.8.2 score 0.72 (low labour rights violations); working poverty rate: 79.9% (very high); work injury scheme coverage: 0 (absent or data gap); minimum wage: PPP USD 2,803/month. Baseline risk level: Low."
Garmin International,Garmin Australasia,Worker Rights - Remuneration,Very Low,Baseline,0.72,79.9,0.0,2802.603,"ILO SDG 8.8.2 score 0.72 (low labour rights violations); working poverty rate: 79.9% (very high); work injury scheme coverage: 0 (absent or data gap); minimum wage: PPP USD 2,803/month. Baseline risk level: Very Low."
Techtronic Industries,TTI Innovation Center,Worker Rights - Labour Rights,High,Baseline,3.83,87.2,0.0,1257.0,"ILO SDG 8.8.2 score 3.83 (moderate labour rights constraints); working poverty rate: 87.2% (very high); work injury scheme coverage: 0 (absent or data gap); minimum wage: PPP USD 1,257/month. Baseline risk level: High."
Techtronic Industries,TTI Innovation Center,Worker Rights - Remuneration,Low,Baseline,3.83,87.2,0.0,1257.0,"ILO SDG 8.8.2 score 3.83 (moderate labour rights constraints); working poverty rate: 87.2% (very high); work injury scheme coverage: 0 (absent or data gap); minimum wage: PPP USD 1,257/month. Baseline risk level: Low."
Techtronic Industries,Milwaukee Tool Global HQ,Worker Rights - Labour Rights,High,Baseline,3.83,87.2,0.0,1257.0,"ILO SDG 8.8.2 score 3.83 (moderate labour rights constraints); working poverty rate: 87.2% (very high); work injury scheme coverage: 0 (absent or data gap); minimum wage: PPP USD 1,257/month. Baseline risk level: High."
Techtronic Industries,Milwaukee Tool Global HQ,Worker Rights - Remuneration,Low,Baseline,3.83,87.2,0.0,1257.0,"ILO SDG 8.8.2 score 3.83 (moderate labour rights constraints); working poverty rate: 87.2% (very high); work injury scheme coverage: 0 (absent or data gap); minimum wage: PPP USD 1,257/month. Baseline risk level: Low."
Techtronic Industries,Milwaukee Tool Jackson Plant,Worker Rights - Labour Rights,High,Baseline,3.83,87.2,0.0,1257.0,"ILO SDG 8.8.2 score 3.83 (moderate labour rights constraints); working poverty rate: 87.2% (very high); work injury scheme coverage: 0 (absent or data gap); minimum wage: PPP USD 1,257/month. Baseline risk level: High."
Techtronic Industries,Milwaukee Tool Jackson Plant,Worker Rights - Remuneration,Low,Baseline,3.83,87.2,0.0,1257.0,"ILO SDG 8.8.2 score 3.83 (moderate labour rights constraints); working poverty rate: 87.2% (very high); work injury scheme coverage: 0 (absent or data gap); minimum wage: PPP USD 1,257/month. Baseline risk level: Low."
Techtronic Industries,Milwaukee Tool Grenada Plant,Worker Rights - Labour Rights,High,Baseline,3.83,87.2,0.0,1257.0,"ILO SDG 8.8.2 score 3.83 (moderate labour rights constraints); working poverty rate: 87.2% (very high); work injury scheme coverage: 0 (absent or data gap); minimum wage: PPP USD 1,257/month. Baseline risk level: High."
Techtronic Industries,Milwaukee Tool Grenada Plant,Worker Rights - Remuneration,Low,Baseline,3.83,87.2,0.0,1257.0,"ILO SDG 8.8.2 score 3.83 (moderate labour rights constraints); working poverty rate: 87.2% (very high); work injury scheme coverage: 0 (absent or data gap); minimum wage: PPP USD 1,257/month. Baseline risk level: Low."
Techtronic Industries,Milwaukee Tool Greenwood Plant,Worker Rights - Labour Rights,High,Baseline,3.83,87.2,0.0,1257.0,"ILO SDG 8.8.2 score 3.83 (moderate labour rights constraints); working poverty rate: 87.2% (very high); work injury scheme coverage: 0 (absent or data gap); minimum wage: PPP USD 1,257/month. Baseline risk level: High."
Techtronic Industries,Milwaukee Tool Greenwood Plant,Worker Rights - Remuneration,Low,Baseline,3.83,87.2,0.0,1257.0,"ILO SDG 8.8.2 score 3.83 (moderate labour rights constraints); working poverty rate: 87.2% (very high); work injury scheme coverage: 0 (absent or data gap); minimum wage: PPP USD 1,257/month. Baseline risk level: Low."
Techtronic Industries,Milwaukee Tool Olive Branch DC,Worker Rights - Labour Rights,High,Baseline,3.83,87.2,0.0,1257.0,"ILO SDG 8.8.2 score 3.83 (moderate labour rights constraints); working poverty rate: 87.2% (very high); work injury scheme coverage: 0 (absent or data gap); minimum wage: PPP USD 1,257/month. Baseline risk level: High."
Techtronic Industries,Milwaukee Tool Olive Branch DC,Worker Rights - Remuneration,Low,Baseline,3.83,87.2,0.0,1257.0,"ILO SDG 8.8.2 score 3.83 (moderate labour rights constraints); working poverty rate: 87.2% (very high); work injury scheme coverage: 0 (absent or data gap); minimum wage: PPP USD 1,257/month. Baseline risk level: Low."
Techtronic Industries,Milwaukee Tool Clinton Plant,Worker Rights - Labour Rights,High,Baseline,3.83,87.2,0.0,1257.0,"ILO SDG 8.8.2 score 3.83 (moderate labour rights constraints); working poverty rate: 87.2% (very high); work injury scheme coverage: 0 (absent or data gap); minimum wage: PPP USD 1,257/month. Baseline risk level: High."
Techtronic Industries,Milwaukee Tool Clinton Plant,Worker Rights - Remuneration,Low,Baseline,3.83,87.2,0.0,1257.0,"ILO SDG 8.8.2 score 3.83 (moderate labour rights constraints); working poverty rate: 87.2% (very high); work injury scheme coverage: 0 (absent or data gap); minimum wage: PPP USD 1,257/month. Baseline risk level: Low."
Techtronic Industries,Milwaukee Tool West Bend,Worker Rights - Labour Rights,High,Baseline,3.83,87.2,0.0,1257.0,"ILO SDG 8.8.2 score 3.83 (moderate labour rights constraints); working poverty rate: 87.2% (very high); work injury scheme coverage: 0 (absent or data gap); minimum wage: PPP USD 1,257/month. Baseline risk level: High."
Techtronic Industries,Milwaukee Tool West Bend,Worker Rights - Remuneration,Low,Baseline,3.83,87.2,0.0,1257.0,"ILO SDG 8.8.2 score 3.83 (moderate labour rights constraints); working poverty rate: 87.2% (very high); work injury scheme coverage: 0 (absent or data gap); minimum wage: PPP USD 1,257/month. Baseline risk level: Low."
Techtronic Industries,Empire Level (Subsidiary),Worker Rights - Labour Rights,High,Baseline,3.83,87.2,0.0,1257.0,"ILO SDG 8.8.2 score 3.83 (moderate labour rights constraints); working poverty rate: 87.2% (very high); work injury scheme coverage: 0 (absent or data gap); minimum wage: PPP USD 1,257/month. Baseline risk level: High."
Techtronic Industries,Empire Level (Subsidiary),Worker Rights - Remuneration,Low,Baseline,3.83,87.2,0.0,1257.0,"ILO SDG 8.8.2 score 3.83 (moderate labour rights constraints); working poverty rate: 87.2% (very high); work injury scheme coverage: 0 (absent or data gap); minimum wage: PPP USD 1,257/month. Baseline risk level: Low."
Techtronic Industries,Milwaukee Tool Torreon,Worker Rights - Labour Rights,High,Baseline,3.81,41.7,1.575,588.706,ILO SDG 8.8.2 score 3.81 (moderate labour rights constraints); working poverty rate: 41.7% (moderate-high); work injury scheme coverage: 1.575; minimum wage: PPP USD 589/month. Baseline risk level: High.
Techtronic Industries,Milwaukee Tool Torreon,Worker Rights - Remuneration,Medium,Baseline,3.81,41.7,1.575,588.706,ILO SDG 8.8.2 score 3.81 (moderate labour rights constraints); working poverty rate: 41.7% (moderate-high); work injury scheme coverage: 1.575; minimum wage: PPP USD 589/month. Baseline risk level: Medium.
Techtronic Industries,TTI Floor Care N.A.,Worker Rights - Labour Rights,High,Baseline,3.83,87.2,0.0,1257.0,"ILO SDG 8.8.2 score 3.83 (moderate labour rights constraints); working poverty rate: 87.2% (very high); work injury scheme coverage: 0 (absent or data gap); minimum wage: PPP USD 1,257/month. Baseline risk level: High."
Techtronic Industries,TTI Floor Care N.A.,Worker Rights - Remuneration,Low,Baseline,3.83,87.2,0.0,1257.0,"ILO SDG 8.8.2 score 3.83 (moderate labour rights constraints); working poverty rate: 87.2% (very high); work injury scheme coverage: 0 (absent or data gap); minimum wage: PPP USD 1,257/month. Baseline risk level: Low."
Techtronic Industries,TTI Dongguan Hub,Worker Rights - Labour Rights,Very High,Baseline,9.32,35.9,0.09,543.541,ILO SDG 8.8.2 score 9.32 (significant labour rights constraints); working poverty rate: 35.9% (moderate-high); work injury scheme coverage: 0.09; minimum wage: PPP USD 544/month. Baseline risk level: Very High.
Techtronic Industries,TTI Dongguan Hub,Worker Rights - Remuneration,Very High,Baseline,9.32,35.9,0.09,543.541,ILO SDG 8.8.2 score 9.32 (significant labour rights constraints); working poverty rate: 35.9% (moderate-high); work injury scheme coverage: 0.09; minimum wage: PPP USD 544/month. Baseline risk level: Very High.
Techtronic Industries,TTI Vietnam (SHTP),Worker Rights - Labour Rights,Very High,Baseline,9.14,29.6,1.748,692.668,ILO SDG 8.8.2 score 9.14 (significant labour rights constraints); working poverty rate: 29.6% (moderate-high); work injury scheme coverage: 1.748; minimum wage: PPP USD 693/month. Baseline risk level: Very High.
Techtronic Industries,TTI Vietnam (SHTP),Worker Rights - Remuneration,Very High,Baseline,9.14,29.6,1.748,692.668,ILO SDG 8.8.2 score 9.14 (significant labour rights constraints); working poverty rate: 29.6% (moderate-high); work injury scheme coverage: 1.748; minimum wage: PPP USD 693/month. Baseline risk level: Very High.
Techtronic Industries,DreBo Werkzeugfabrik,Worker Rights - Labour Rights,Very Low,Baseline,0.38,100.0,0.0,2922.223,"ILO SDG 8.8.2 score 0.38 (low labour rights violations); working poverty rate: 100.0% (very high); work injury scheme coverage: 0 (absent or data gap); minimum wage: PPP USD 2,922/month. Baseline risk level: Very Low."
Techtronic Industries,DreBo Werkzeugfabrik,Worker Rights - Remuneration,Very Low,Baseline,0.38,100.0,0.0,2922.223,"ILO SDG 8.8.2 score 0.38 (low labour rights violations); working poverty rate: 100.0% (very high); work injury scheme coverage: 0 (absent or data gap); minimum wage: PPP USD 2,922/month. Baseline risk level: Very Low."
Techtronic Industries,Ryobi Die Casting (USA),Worker Rights - Labour Rights,High,Baseline,3.83,87.2,0.0,1257.0,"ILO SDG 8.8.2 score 3.83 (moderate labour rights constraints); working poverty rate: 87.2% (very high); work injury scheme coverage: 0 (absent or data gap); minimum wage: PPP USD 1,257/month. Baseline risk level: High."
Techtronic Industries,Ryobi Die Casting (USA),Worker Rights - Remuneration,Low,Baseline,3.83,87.2,0.0,1257.0,"ILO SDG 8.8.2 score 3.83 (moderate labour rights constraints); working poverty rate: 87.2% (very high); work injury scheme coverage: 0 (absent or data gap); minimum wage: PPP USD 1,257/month. Baseline risk level: Low."
"S.C. Johnson & Son, Inc.",Global Corporate HQ,Worker Rights - Labour Rights,High,Baseline,3.83,87.2,0.0,1257.0,"ILO SDG 8.8.2 score 3.83 (moderate labour rights constraints); working poverty rate: 87.2% (very high); work injury scheme coverage: 0 (absent or data gap); minimum wage: PPP USD 1,257/month. Baseline risk level: High."
"S.C. Johnson & Son, Inc.",Global Corporate HQ,Worker Rights - Remuneration,Low,Baseline,3.83,87.2,0.0,1257.0,"ILO SDG 8.8.2 score 3.83 (moderate labour rights constraints); working poverty rate: 87.2% (very high); work injury scheme coverage: 0 (absent or data gap); minimum wage: PPP USD 1,257/month. Baseline risk level: Low."
"S.C. Johnson & Son, Inc.",Waxdale Facility,Worker Rights - Labour Rights,High,Baseline,3.83,87.2,0.0,1257.0,"ILO SDG 8.8.2 score 3.83 (moderate labour rights constraints); working poverty rate: 87.2% (very high); work injury scheme coverage: 0 (absent or data gap); minimum wage: PPP USD 1,257/month. Baseline risk level: High."
"S.C. Johnson & Son, Inc.",Waxdale Facility,Worker Rights - Remuneration,Low,Baseline,3.83,87.2,0.0,1257.0,"ILO SDG 8.8.2 score 3.83 (moderate labour rights constraints); working poverty rate: 87.2% (very high); work injury scheme coverage: 0 (absent or data gap); minimum wage: PPP USD 1,257/month. Baseline risk level: Low."
"S.C. Johnson & Son, Inc.",Ziploc Bay City Plant,Worker Rights - Labour Rights,High,Baseline,3.83,87.2,0.0,1257.0,"ILO SDG 8.8.2 score 3.83 (moderate labour rights constraints); working poverty rate: 87.2% (very high); work injury scheme coverage: 0 (absent or data gap); minimum wage: PPP USD 1,257/month. Baseline risk level: High."
"S.C. Johnson & Son, Inc.",Ziploc Bay City Plant,Worker Rights - Remuneration,Low,Baseline,3.83,87.2,0.0,1257.0,"ILO SDG 8.8.2 score 3.83 (moderate labour rights constraints); working poverty rate: 87.2% (very high); work injury scheme coverage: 0 (absent or data gap); minimum wage: PPP USD 1,257/month. Baseline risk level: Low."
"S.C. Johnson & Son, Inc.",North America HQ,Worker Rights - Labour Rights,High,Baseline,3.83,87.2,0.0,1257.0,"ILO SDG 8.8.2 score 3.83 (moderate labour rights constraints); working poverty rate: 87.2% (very high); work injury scheme coverage: 0 (absent or data gap); minimum wage: PPP USD 1,257/month. Baseline risk level: High."
"S.C. Johnson & Son, Inc.",North America HQ,Worker Rights - Remuneration,Low,Baseline,3.83,87.2,0.0,1257.0,"ILO SDG 8.8.2 score 3.83 (moderate labour rights constraints); working poverty rate: 87.2% (very high); work injury scheme coverage: 0 (absent or data gap); minimum wage: PPP USD 1,257/month. Baseline risk level: Low."
"S.C. Johnson & Son, Inc.","Method ""Soapbox""",Worker Rights - Labour Rights,High,Baseline,3.83,87.2,0.0,1257.0,"ILO SDG 8.8.2 score 3.83 (moderate labour rights constraints); working poverty rate: 87.2% (very high); work injury scheme coverage: 0 (absent or data gap); minimum wage: PPP USD 1,257/month. Baseline risk level: High."
"S.C. Johnson & Son, Inc.","Method ""Soapbox""",Worker Rights - Remuneration,Low,Baseline,3.83,87.2,0.0,1257.0,"ILO SDG 8.8.2 score 3.83 (moderate labour rights constraints); working poverty rate: 87.2% (very high); work injury scheme coverage: 0 (absent or data gap); minimum wage: PPP USD 1,257/month. Baseline risk level: Low."
"S.C. Johnson & Son, Inc.",SC Johnson Professional HQ,Worker Rights - Labour Rights,High,Baseline,3.83,87.2,0.0,1257.0,"ILO SDG 8.8.2 score 3.83 (moderate labour rights constraints); working poverty rate: 87.2% (very high); work injury scheme coverage: 0 (absent or data gap); minimum wage: PPP USD 1,257/month. Baseline risk level: High."
"S.C. Johnson & Son, Inc.",SC Johnson Professional HQ,Worker Rights - Remuneration,Low,Baseline,3.83,87.2,0.0,1257.0,"ILO SDG 8.8.2 score 3.83 (moderate labour rights constraints); working poverty rate: 87.2% (very high); work injury scheme coverage: 0 (absent or data gap); minimum wage: PPP USD 1,257/month. Baseline risk level: Low."
"S.C. Johnson & Son, Inc.",Stanley Plant (SCJP),Worker Rights - Labour Rights,High,Baseline,3.83,87.2,0.0,1257.0,"ILO SDG 8.8.2 score 3.83 (moderate labour rights constraints); working poverty rate: 87.2% (very high); work injury scheme coverage: 0 (absent or data gap); minimum wage: PPP USD 1,257/month. Baseline risk level: High."
"S.C. Johnson & Son, Inc.",Stanley Plant (SCJP),Worker Rights - Remuneration,Low,Baseline,3.83,87.2,0.0,1257.0,"ILO SDG 8.8.2 score 3.83 (moderate labour rights constraints); working poverty rate: 87.2% (very high); work injury scheme coverage: 0 (absent or data gap); minimum wage: PPP USD 1,257/month. Baseline risk level: Low."
"S.C. Johnson & Son, Inc.",SCJ Europlant,Worker Rights - Labour Rights,Low,Baseline,0.73,100.0,0.0,2735.655,"ILO SDG 8.8.2 score 0.73 (low labour rights violations); working poverty rate: 100.0% (very high); work injury scheme coverage: 0 (absent or data gap); minimum wage: PPP USD 2,736/month. Baseline risk level: Low."
"S.C. Johnson & Son, Inc.",SCJ Europlant,Worker Rights - Remuneration,Very Low,Baseline,0.73,100.0,0.0,2735.655,"ILO SDG 8.8.2 score 0.73 (low labour rights violations); working poverty rate: 100.0% (very high); work injury scheme coverage: 0 (absent or data gap); minimum wage: PPP USD 2,736/month. Baseline risk level: Very Low."
"S.C. Johnson & Son, Inc.",European Headquarters (Rolle),Worker Rights - Labour Rights,Very Low,Baseline,0.35,80.1,0.0,3804.362,"ILO SDG 8.8.2 score 0.35 (low labour rights violations); working poverty rate: 80.1% (very high); work injury scheme coverage: 0 (absent or data gap); minimum wage: PPP USD 3,804/month. Baseline risk level: Very Low."
"S.C. Johnson & Son, Inc.",European Headquarters (Rolle),Worker Rights - Remuneration,Very Low,Baseline,0.35,80.1,0.0,3804.362,"ILO SDG 8.8.2 score 0.35 (low labour rights violations); working poverty rate: 80.1% (very high); work injury scheme coverage: 0 (absent or data gap); minimum wage: PPP USD 3,804/month. Baseline risk level: Very Low."
"S.C. Johnson & Son, Inc.",Gorzów Manufacturing,Worker Rights - Labour Rights,Medium,Baseline,1.43,86.6,0.0,2074.817,"ILO SDG 8.8.2 score 1.43 (low labour rights violations); working poverty rate: 86.6% (very high); work injury scheme coverage: 0 (absent or data gap); minimum wage: PPP USD 2,075/month. Baseline risk level: Medium."
"S.C. Johnson & Son, Inc.",Gorzów Manufacturing,Worker Rights - Remuneration,Very Low,Baseline,1.43,86.6,0.0,2074.817,"ILO SDG 8.8.2 score 1.43 (low labour rights violations); working poverty rate: 86.6% (very high); work injury scheme coverage: 0 (absent or data gap); minimum wage: PPP USD 2,075/month. Baseline risk level: Very Low."
"S.C. Johnson & Son, Inc.",Rosslyn Factory,Worker Rights - Labour Rights,Low,Baseline,1.34,38.8,14.297,620.216,ILO SDG 8.8.2 score 1.34 (low labour rights violations); working poverty rate: 38.8% (moderate-high); work injury scheme coverage: 14.297; minimum wage: PPP USD 620/month. Baseline risk level: Low.
"S.C. Johnson & Son, Inc.",Rosslyn Factory,Worker Rights - Remuneration,Medium,Baseline,1.34,38.8,14.297,620.216,ILO SDG 8.8.2 score 1.34 (low labour rights violations); working poverty rate: 38.8% (moderate-high); work injury scheme coverage: 14.297; minimum wage: PPP USD 620/month. Baseline risk level: Medium.
"S.C. Johnson & Son, Inc.",Shanghai Johnson Ltd,Worker Rights - Labour Rights,Very High,Baseline,9.32,35.9,0.09,543.541,ILO SDG 8.8.2 score 9.32 (significant labour rights constraints); working poverty rate: 35.9% (moderate-high); work injury scheme coverage: 0.09; minimum wage: PPP USD 544/month. Baseline risk level: Very High.
"S.C. Johnson & Son, Inc.",Shanghai Johnson Ltd,Worker Rights - Remuneration,Very High,Baseline,9.32,35.9,0.09,543.541,ILO SDG 8.8.2 score 9.32 (significant labour rights constraints); working poverty rate: 35.9% (moderate-high); work injury scheme coverage: 0.09; minimum wage: PPP USD 544/month. Baseline risk level: Very High.
"S.C. Johnson & Son, Inc.",SC Johnson Vietnam,Worker Rights - Labour Rights,Very High,Baseline,9.14,29.6,1.748,692.668,ILO SDG 8.8.2 score 9.14 (significant labour rights constraints); working poverty rate: 29.6% (moderate-high); work injury scheme coverage: 1.748; minimum wage: PPP USD 693/month. Baseline risk level: Very High.
"S.C. Johnson & Son, Inc.",SC Johnson Vietnam,Worker Rights - Remuneration,Very High,Baseline,9.14,29.6,1.748,692.668,ILO SDG 8.8.2 score 9.14 (significant labour rights constraints); working poverty rate: 29.6% (moderate-high); work injury scheme coverage: 1.748; minimum wage: PPP USD 693/month. Baseline risk level: Very High.
"S.C. Johnson & Son, Inc.",LATAM Regional HQ,Worker Rights - Labour Rights,High,Baseline,3.98,48.9,0.042,567.883,ILO SDG 8.8.2 score 3.98 (moderate labour rights constraints); working poverty rate: 48.9% (moderate-high); work injury scheme coverage: 0.042 (low); minimum wage: PPP USD 568/month. Baseline risk level: High.
"S.C. Johnson & Son, Inc.",LATAM Regional HQ,Worker Rights - Remuneration,Medium,Baseline,3.98,48.9,0.042,567.883,ILO SDG 8.8.2 score 3.98 (moderate labour rights constraints); working poverty rate: 48.9% (moderate-high); work injury scheme coverage: 0.042 (low); minimum wage: PPP USD 568/month. Baseline risk level: Medium.
"S.C. Johnson & Son, Inc.",Pilar Manufacturing,Worker Rights - Labour Rights,High,Baseline,3.98,48.9,0.042,567.883,ILO SDG 8.8.2 score 3.98 (moderate labour rights constraints); working poverty rate: 48.9% (moderate-high); work injury scheme coverage: 0.042 (low); minimum wage: PPP USD 568/month. Baseline risk level: High.
"S.C. Johnson & Son, Inc.",Pilar Manufacturing,Worker Rights - Remuneration,Medium,Baseline,3.98,48.9,0.042,567.883,ILO SDG 8.8.2 score 3.98 (moderate labour rights constraints); working poverty rate: 48.9% (moderate-high); work injury scheme coverage: 0.042 (low); minimum wage: PPP USD 568/month. Baseline risk level: Medium.
"S.C. Johnson & Son, Inc.",Toluca Plant,Worker Rights - Labour Rights,High,Baseline,3.81,41.7,1.575,588.706,ILO SDG 8.8.2 score 3.81 (moderate labour rights constraints); working poverty rate: 41.7% (moderate-high); work injury scheme coverage: 1.575; minimum wage: PPP USD 589/month. Baseline risk level: High.
"S.C. Johnson & Son, Inc.",Toluca Plant,Worker Rights - Remuneration,Medium,Baseline,3.81,41.7,1.575,588.706,ILO SDG 8.8.2 score 3.81 (moderate labour rights constraints); working poverty rate: 41.7% (moderate-high); work injury scheme coverage: 1.575; minimum wage: PPP USD 589/month. Baseline risk level: Medium.
"GOJO Industries, Inc.",Global Headquarters,Worker Rights - Labour Rights,High,Baseline,3.83,87.2,0.0,1257.0,"ILO SDG 8.8.2 score 3.83 (moderate labour rights constraints); working poverty rate: 87.2% (very high); work injury scheme coverage: 0 (absent or data gap); minimum wage: PPP USD 1,257/month. Baseline risk level: High."
"GOJO Industries, Inc.",Global Headquarters,Worker Rights - Remuneration,Low,Baseline,3.83,87.2,0.0,1257.0,"ILO SDG 8.8.2 score 3.83 (moderate labour rights constraints); working poverty rate: 87.2% (very high); work injury scheme coverage: 0 (absent or data gap); minimum wage: PPP USD 1,257/month. Baseline risk level: Low."
"GOJO Industries, Inc.",Lippman Campus (Stow),Worker Rights - Labour Rights,High,Baseline,3.83,87.2,0.0,1257.0,"ILO SDG 8.8.2 score 3.83 (moderate labour rights constraints); working poverty rate: 87.2% (very high); work injury scheme coverage: 0 (absent or data gap); minimum wage: PPP USD 1,257/month. Baseline risk level: High."
"GOJO Industries, Inc.",Lippman Campus (Stow),Worker Rights - Remuneration,Low,Baseline,3.83,87.2,0.0,1257.0,"ILO SDG 8.8.2 score 3.83 (moderate labour rights constraints); working poverty rate: 87.2% (very high); work injury scheme coverage: 0 (absent or data gap); minimum wage: PPP USD 1,257/month. Baseline risk level: Low."
"GOJO Industries, Inc.",Cuyahoga Falls Plant,Worker Rights - Labour Rights,High,Baseline,3.83,87.2,0.0,1257.0,"ILO SDG 8.8.2 score 3.83 (moderate labour rights constraints); working poverty rate: 87.2% (very high); work injury scheme coverage: 0 (absent or data gap); minimum wage: PPP USD 1,257/month. Baseline risk level: High."
"GOJO Industries, Inc.",Cuyahoga Falls Plant,Worker Rights - Remuneration,Low,Baseline,3.83,87.2,0.0,1257.0,"ILO SDG 8.8.2 score 3.83 (moderate labour rights constraints); working poverty rate: 87.2% (very high); work injury scheme coverage: 0 (absent or data gap); minimum wage: PPP USD 1,257/month. Baseline risk level: Low."
"GOJO Industries, Inc.",Wooster Facility,Worker Rights - Labour Rights,High,Baseline,3.83,87.2,0.0,1257.0,"ILO SDG 8.8.2 score 3.83 (moderate labour rights constraints); working poverty rate: 87.2% (very high); work injury scheme coverage: 0 (absent or data gap); minimum wage: PPP USD 1,257/month. Baseline risk level: High."
"GOJO Industries, Inc.",Wooster Facility,Worker Rights - Remuneration,Low,Baseline,3.83,87.2,0.0,1257.0,"ILO SDG 8.8.2 score 3.83 (moderate labour rights constraints); working poverty rate: 87.2% (very high); work injury scheme coverage: 0 (absent or data gap); minimum wage: PPP USD 1,257/month. Baseline risk level: Low."
"GOJO Industries, Inc.",Maple Heights Plant,Worker Rights - Labour Rights,High,Baseline,3.83,87.2,0.0,1257.0,"ILO SDG 8.8.2 score 3.83 (moderate labour rights constraints); working poverty rate: 87.2% (very high); work injury scheme coverage: 0 (absent or data gap); minimum wage: PPP USD 1,257/month. Baseline risk level: High."
"GOJO Industries, Inc.",Maple Heights Plant,Worker Rights - Remuneration,Low,Baseline,3.83,87.2,0.0,1257.0,"ILO SDG 8.8.2 score 3.83 (moderate labour rights constraints); working poverty rate: 87.2% (very high); work injury scheme coverage: 0 (absent or data gap); minimum wage: PPP USD 1,257/month. Baseline risk level: Low."
"GOJO Industries, Inc.",Ashland Dist. Center,Worker Rights - Labour Rights,High,Baseline,3.83,87.2,0.0,1257.0,"ILO SDG 8.8.2 score 3.83 (moderate labour rights constraints); working poverty rate: 87.2% (very high); work injury scheme coverage: 0 (absent or data gap); minimum wage: PPP USD 1,257/month. Baseline risk level: High."
"GOJO Industries, Inc.",Ashland Dist. Center,Worker Rights - Remuneration,Low,Baseline,3.83,87.2,0.0,1257.0,"ILO SDG 8.8.2 score 3.83 (moderate labour rights constraints); working poverty rate: 87.2% (very high); work injury scheme coverage: 0 (absent or data gap); minimum wage: PPP USD 1,257/month. Baseline risk level: Low."
"GOJO Industries, Inc.",Navarre Warehouse,Worker Rights - Labour Rights,High,Baseline,3.83,87.2,0.0,1257.0,"ILO SDG 8.8.2 score 3.83 (moderate labour rights constraints); working poverty rate: 87.2% (very high); work injury scheme coverage: 0 (absent or data gap); minimum wage: PPP USD 1,257/month. Baseline risk level: High."
"GOJO Industries, Inc.",Navarre Warehouse,Worker Rights - Remuneration,Low,Baseline,3.83,87.2,0.0,1257.0,"ILO SDG 8.8.2 score 3.83 (moderate labour rights constraints); working poverty rate: 87.2% (very high); work injury scheme coverage: 0 (absent or data gap); minimum wage: PPP USD 1,257/month. Baseline risk level: Low."
"GOJO Industries, Inc.",GOJO Europe (UK HQ),Worker Rights - Labour Rights,Low,Baseline,1.25,81.5,0.0,2816.509,"ILO SDG 8.8.2 score 1.25 (low labour rights violations); working poverty rate: 81.5% (very high); work injury scheme coverage: 0 (absent or data gap); minimum wage: PPP USD 2,817/month. Baseline risk level: Low."
"GOJO Industries, Inc.",GOJO Europe (UK HQ),Worker Rights - Remuneration,Very Low,Baseline,1.25,81.5,0.0,2816.509,"ILO SDG 8.8.2 score 1.25 (low labour rights violations); working poverty rate: 81.5% (very high); work injury scheme coverage: 0 (absent or data gap); minimum wage: PPP USD 2,817/month. Baseline risk level: Very Low."
"GOJO Industries, Inc.",GOJO France SARL,Worker Rights - Labour Rights,Low,Baseline,0.68,92.8,0.0,2376.898,"ILO SDG 8.8.2 score 0.68 (low labour rights violations); working poverty rate: 92.8% (very high); work injury scheme coverage: 0 (absent or data gap); minimum wage: PPP USD 2,377/month. Baseline risk level: Low."
"GOJO Industries, Inc.",GOJO France SARL,Worker Rights - Remuneration,Very Low,Baseline,0.68,92.8,0.0,2376.898,"ILO SDG 8.8.2 score 0.68 (low labour rights violations); working poverty rate: 92.8% (very high); work injury scheme coverage: 0 (absent or data gap); minimum wage: PPP USD 2,377/month. Baseline risk level: Very Low."
"GOJO Industries, Inc.",GOJO Australasia,Worker Rights - Labour Rights,Low,Baseline,0.72,79.9,0.0,2802.603,"ILO SDG 8.8.2 score 0.72 (low labour rights violations); working poverty rate: 79.9% (very high); work injury scheme coverage: 0 (absent or data gap); minimum wage: PPP USD 2,803/month. Baseline risk level: Low."
"GOJO Industries, Inc.",GOJO Australasia,Worker Rights - Remuneration,Very Low,Baseline,0.72,79.9,0.0,2802.603,"ILO SDG 8.8.2 score 0.72 (low labour rights violations); working poverty rate: 79.9% (very high); work injury scheme coverage: 0 (absent or data gap); minimum wage: PPP USD 2,803/month. Baseline risk level: Very Low."
"GOJO Industries, Inc.","GOJO Japan, Inc.",Worker Rights - Labour Rights,Low,Baseline,1.28,89.9,0.0,1805.801,"ILO SDG 8.8.2 score 1.28 (low labour rights violations); working poverty rate: 89.9% (very high); work injury scheme coverage: 0 (absent or data gap); minimum wage: PPP USD 1,806/month. Baseline risk level: Low."
"GOJO Industries, Inc.","GOJO Japan, Inc.",Worker Rights - Remuneration,Very Low,Baseline,1.28,89.9,0.0,1805.801,"ILO SDG 8.8.2 score 1.28 (low labour rights violations); working poverty rate: 89.9% (very high); work injury scheme coverage: 0 (absent or data gap); minimum wage: PPP USD 1,806/month. Baseline risk level: Very Low."
"GOJO Industries, Inc.",GOJO América Latina,Worker Rights - Labour Rights,High,Baseline,3.25,52.2,0.731,559.319,ILO SDG 8.8.2 score 3.25 (moderate labour rights constraints); working poverty rate: 52.2% (moderate-high); work injury scheme coverage: 0.731; minimum wage: PPP USD 559/month. Baseline risk level: High.
"GOJO Industries, Inc.",GOJO América Latina,Worker Rights - Remuneration,Medium,Baseline,3.25,52.2,0.731,559.319,ILO SDG 8.8.2 score 3.25 (moderate labour rights constraints); working poverty rate: 52.2% (moderate-high); work injury scheme coverage: 0.731; minimum wage: PPP USD 559/month. Baseline risk level: Medium.
"GOJO Industries, Inc.",GOJO Canada Inc.,Worker Rights - Labour Rights,Medium,Baseline,1.55,84.5,0.0,2408.556,"ILO SDG 8.8.2 score 1.55 (low labour rights violations); working poverty rate: 84.5% (very high); work injury scheme coverage: 0 (absent or data gap); minimum wage: PPP USD 2,409/month. Baseline risk level: Medium."
"GOJO Industries, Inc.",GOJO Canada Inc.,Worker Rights - Remuneration,Very Low,Baseline,1.55,84.5,0.0,2408.556,"ILO SDG 8.8.2 score 1.55 (low labour rights violations); working poverty rate: 84.5% (very high); work injury scheme coverage: 0 (absent or data gap); minimum wage: PPP USD 2,409/month. Baseline risk level: Very Low."
Hangzhou Greatstar Industrial.Co.,Global Headquarters,Worker Rights - Labour Rights,Very High,Baseline,9.32,35.9,0.09,543.541,ILO SDG 8.8.2 score 9.32 (significant labour rights constraints); working poverty rate: 35.9% (moderate-high); work injury scheme coverage: 0.09; minimum wage: PPP USD 544/month. Baseline risk level: Very High.
Hangzhou Greatstar Industrial.Co.,Global Headquarters,Worker Rights - Remuneration,Very High,Baseline,9.32,35.9,0.09,543.541,ILO SDG 8.8.2 score 9.32 (significant labour rights constraints); working poverty rate: 35.9% (moderate-high); work injury scheme coverage: 0.09; minimum wage: PPP USD 544/month. Baseline risk level: Very High.
Hangzhou Greatstar Industrial.Co.,GreatStar Industrial USA,Worker Rights - Labour Rights,High,Baseline,3.83,87.2,0.0,1257.0,"ILO SDG 8.8.2 score 3.83 (moderate labour rights constraints); working poverty rate: 87.2% (very high); work injury scheme coverage: 0 (absent or data gap); minimum wage: PPP USD 1,257/month. Baseline risk level: High."
Hangzhou Greatstar Industrial.Co.,GreatStar Industrial USA,Worker Rights - Remuneration,Low,Baseline,3.83,87.2,0.0,1257.0,"ILO SDG 8.8.2 score 3.83 (moderate labour rights constraints); working poverty rate: 87.2% (very high); work injury scheme coverage: 0 (absent or data gap); minimum wage: PPP USD 1,257/month. Baseline risk level: Low."
Hangzhou Greatstar Industrial.Co.,Arrow Fastener Co. HQ,Worker Rights - Labour Rights,High,Baseline,3.83,87.2,0.0,1257.0,"ILO SDG 8.8.2 score 3.83 (moderate labour rights constraints); working poverty rate: 87.2% (very high); work injury scheme coverage: 0 (absent or data gap); minimum wage: PPP USD 1,257/month. Baseline risk level: High."
Hangzhou Greatstar Industrial.Co.,Arrow Fastener Co. HQ,Worker Rights - Remuneration,Low,Baseline,3.83,87.2,0.0,1257.0,"ILO SDG 8.8.2 score 3.83 (moderate labour rights constraints); working poverty rate: 87.2% (very high); work injury scheme coverage: 0 (absent or data gap); minimum wage: PPP USD 1,257/month. Baseline risk level: Low."
Hangzhou Greatstar Industrial.Co.,Shop-Vac / SK Tools USA,Worker Rights - Labour Rights,High,Baseline,3.83,87.2,0.0,1257.0,"ILO SDG 8.8.2 score 3.83 (moderate labour rights constraints); working poverty rate: 87.2% (very high); work injury scheme coverage: 0 (absent or data gap); minimum wage: PPP USD 1,257/month. Baseline risk level: High."
Hangzhou Greatstar Industrial.Co.,Shop-Vac / SK Tools USA,Worker Rights - Remuneration,Low,Baseline,3.83,87.2,0.0,1257.0,"ILO SDG 8.8.2 score 3.83 (moderate labour rights constraints); working poverty rate: 87.2% (very high); work injury scheme coverage: 0 (absent or data gap); minimum wage: PPP USD 1,257/month. Baseline risk level: Low."
Hangzhou Greatstar Industrial.Co.,Prime-Line Products,Worker Rights - Labour Rights,High,Baseline,3.83,87.2,0.0,1257.0,"ILO SDG 8.8.2 score 3.83 (moderate labour rights constraints); working poverty rate: 87.2% (very high); work injury scheme coverage: 0 (absent or data gap); minimum wage: PPP USD 1,257/month. Baseline risk level: High."
Hangzhou Greatstar Industrial.Co.,Prime-Line Products,Worker Rights - Remuneration,Low,Baseline,3.83,87.2,0.0,1257.0,"ILO SDG 8.8.2 score 3.83 (moderate labour rights constraints); working poverty rate: 87.2% (very high); work injury scheme coverage: 0 (absent or data gap); minimum wage: PPP USD 1,257/month. Baseline risk level: Low."
Hangzhou Greatstar Industrial.Co.,LISTA AG (Switzerland),Worker Rights - Labour Rights,Very Low,Baseline,0.35,80.1,0.0,3804.362,"ILO SDG 8.8.2 score 0.35 (low labour rights violations); working poverty rate: 80.1% (very high); work injury scheme coverage: 0 (absent or data gap); minimum wage: PPP USD 3,804/month. Baseline risk level: Very Low."
Hangzhou Greatstar Industrial.Co.,LISTA AG (Switzerland),Worker Rights - Remuneration,Very Low,Baseline,0.35,80.1,0.0,3804.362,"ILO SDG 8.8.2 score 0.35 (low labour rights violations); working poverty rate: 80.1% (very high); work injury scheme coverage: 0 (absent or data gap); minimum wage: PPP USD 3,804/month. Baseline risk level: Very Low."
Hangzhou Greatstar Industrial.Co.,BeA GmbH (Germany),Worker Rights - Labour Rights,Very Low,Baseline,0.38,100.0,0.0,2922.223,"ILO SDG 8.8.2 score 0.38 (low labour rights violations); working poverty rate: 100.0% (very high); work injury scheme coverage: 0 (absent or data gap); minimum wage: PPP USD 2,922/month. Baseline risk level: Very Low."
Hangzhou Greatstar Industrial.Co.,BeA GmbH (Germany),Worker Rights - Remuneration,Very Low,Baseline,0.38,100.0,0.0,2922.223,"ILO SDG 8.8.2 score 0.38 (low labour rights violations); working poverty rate: 100.0% (very high); work injury scheme coverage: 0 (absent or data gap); minimum wage: PPP USD 2,922/month. Baseline risk level: Very Low."
Hangzhou Greatstar Industrial.Co.,Zhongshan Geelong Mfg,Worker Rights - Labour Rights,Very High,Baseline,9.32,35.9,0.09,543.541,ILO SDG 8.8.2 score 9.32 (significant labour rights constraints); working poverty rate: 35.9% (moderate-high); work injury scheme coverage: 0.09; minimum wage: PPP USD 544/month. Baseline risk level: Very High.
Hangzhou Greatstar Industrial.Co.,Zhongshan Geelong Mfg,Worker Rights - Remuneration,Very High,Baseline,9.32,35.9,0.09,543.541,ILO SDG 8.8.2 score 9.32 (significant labour rights constraints); working poverty rate: 35.9% (moderate-high); work injury scheme coverage: 0.09; minimum wage: PPP USD 544/month. Baseline risk level: Very High.
Hangzhou Greatstar Industrial.Co.,GreatStar Vietnam Base,Worker Rights - Labour Rights,Very High,Baseline,9.14,29.6,1.748,692.668,ILO SDG 8.8.2 score 9.14 (significant labour rights constraints); working poverty rate: 29.6% (moderate-high); work injury scheme coverage: 1.748; minimum wage: PPP USD 693/month. Baseline risk level: Very High.
Hangzhou Greatstar Industrial.Co.,GreatStar Vietnam Base,Worker Rights - Remuneration,Very High,Baseline,9.14,29.6,1.748,692.668,ILO SDG 8.8.2 score 9.14 (significant labour rights constraints); working poverty rate: 29.6% (moderate-high); work injury scheme coverage: 1.748; minimum wage: PPP USD 693/month. Baseline risk level: Very High.
Hangzhou Greatstar Industrial.Co.,GreatStar Thailand Base,Worker Rights - Labour Rights,Very High,Baseline,6.7,30.9,0.082,818.87,ILO SDG 8.8.2 score 6.7 (significant labour rights constraints); working poverty rate: 30.9% (moderate-high); work injury scheme coverage: 0.082; minimum wage: PPP USD 819/month. Baseline risk level: Very High.
Hangzhou Greatstar Industrial.Co.,GreatStar Thailand Base,Worker Rights - Remuneration,High,Baseline,6.7,30.9,0.082,818.87,ILO SDG 8.8.2 score 6.7 (significant labour rights constraints); working poverty rate: 30.9% (moderate-high); work injury scheme coverage: 0.082; minimum wage: PPP USD 819/month. Baseline risk level: High.
Hangzhou Greatstar Industrial.Co.,Haining GreatStar Hub,Worker Rights - Labour Rights,Very High,Baseline,9.32,35.9,0.09,543.541,ILO SDG 8.8.2 score 9.32 (significant labour rights constraints); working poverty rate: 35.9% (moderate-high); work injury scheme coverage: 0.09; minimum wage: PPP USD 544/month. Baseline risk level: Very High.
Hangzhou Greatstar Industrial.Co.,Haining GreatStar Hub,Worker Rights - Remuneration,Very High,Baseline,9.32,35.9,0.09,543.541,ILO SDG 8.8.2 score 9.32 (significant labour rights constraints); working poverty rate: 35.9% (moderate-high); work injury scheme coverage: 0.09; minimum wage: PPP USD 544/month. Baseline risk level: Very High.
Hangzhou Greatstar Industrial.Co.,Goldblatt / GreatStar R&D,Worker Rights - Labour Rights,High,Baseline,3.83,87.2,0.0,1257.0,"ILO SDG 8.8.2 score 3.83 (moderate labour rights constraints); working poverty rate: 87.2% (very high); work injury scheme coverage: 0 (absent or data gap); minimum wage: PPP USD 1,257/month. Baseline risk level: High."
Hangzhou Greatstar Industrial.Co.,Goldblatt / GreatStar R&D,Worker Rights - Remuneration,Low,Baseline,3.83,87.2,0.0,1257.0,"ILO SDG 8.8.2 score 3.83 (moderate labour rights constraints); working poverty rate: 87.2% (very high); work injury scheme coverage: 0 (absent or data gap); minimum wage: PPP USD 1,257/month. Baseline risk level: Low."
Hangzhou Greatstar Industrial.Co.,GreatStar Changzhou Base,Worker Rights - Labour Rights,Very High,Baseline,9.32,35.9,0.09,543.541,ILO SDG 8.8.2 score 9.32 (significant labour rights constraints); working poverty rate: 35.9% (moderate-high); work injury scheme coverage: 0.09; minimum wage: PPP USD 544/month. Baseline risk level: Very High.
Hangzhou Greatstar Industrial.Co.,GreatStar Changzhou Base,Worker Rights - Remuneration,Very High,Baseline,9.32,35.9,0.09,543.541,ILO SDG 8.8.2 score 9.32 (significant labour rights constraints); working poverty rate: 35.9% (moderate-high); work injury scheme coverage: 0.09; minimum wage: PPP USD 544/month. Baseline risk level: Very High.
Hangzhou Greatstar Industrial.Co.,Xiaoshan Logistics Base,Worker Rights - Labour Rights,Very High,Baseline,9.32,35.9,0.09,543.541,ILO SDG 8.8.2 score 9.32 (significant labour rights constraints); working poverty rate: 35.9% (moderate-high); work injury scheme coverage: 0.09; minimum wage: PPP USD 544/month. Baseline risk level: Very High.
Hangzhou Greatstar Industrial.Co.,Xiaoshan Logistics Base,Worker Rights - Remuneration,Very High,Baseline,9.32,35.9,0.09,543.541,ILO SDG 8.8.2 score 9.32 (significant labour rights constraints); working poverty rate: 35.9% (moderate-high); work injury scheme coverage: 0.09; minimum wage: PPP USD 544/month. Baseline risk level: Very High.
Perrigo Company,Global Headquarters,Worker Rights - Labour Rights,Low,Baseline,0.72,82.8,0.0,2365.788,"ILO SDG 8.8.2 score 0.72 (low labour rights violations); working poverty rate: 82.8% (very high); work injury scheme coverage: 0 (absent or data gap); minimum wage: PPP USD 2,366/month. Baseline risk level: Low."
Perrigo Company,Global Headquarters,Worker Rights - Remuneration,Very Low,Baseline,0.72,82.8,0.0,2365.788,"ILO SDG 8.8.2 score 0.72 (low labour rights violations); working poverty rate: 82.8% (very high); work injury scheme coverage: 0 (absent or data gap); minimum wage: PPP USD 2,366/month. Baseline risk level: Very Low."
Perrigo Company,N. American Corporate HQ,Worker Rights - Labour Rights,High,Baseline,3.83,87.2,0.0,1257.0,"ILO SDG 8.8.2 score 3.83 (moderate labour rights constraints); working poverty rate: 87.2% (very high); work injury scheme coverage: 0 (absent or data gap); minimum wage: PPP USD 1,257/month. Baseline risk level: High."
Perrigo Company,N. American Corporate HQ,Worker Rights - Remuneration,Low,Baseline,3.83,87.2,0.0,1257.0,"ILO SDG 8.8.2 score 3.83 (moderate labour rights constraints); working poverty rate: 87.2% (very high); work injury scheme coverage: 0 (absent or data gap); minimum wage: PPP USD 1,257/month. Baseline risk level: Low."
Perrigo Company,Allegan Main Campus,Worker Rights - Labour Rights,High,Baseline,3.83,87.2,0.0,1257.0,"ILO SDG 8.8.2 score 3.83 (moderate labour rights constraints); working poverty rate: 87.2% (very high); work injury scheme coverage: 0 (absent or data gap); minimum wage: PPP USD 1,257/month. Baseline risk level: High."
Perrigo Company,Allegan Main Campus,Worker Rights - Remuneration,Low,Baseline,3.83,87.2,0.0,1257.0,"ILO SDG 8.8.2 score 3.83 (moderate labour rights constraints); working poverty rate: 87.2% (very high); work injury scheme coverage: 0 (absent or data gap); minimum wage: PPP USD 1,257/month. Baseline risk level: Low."
Perrigo Company,Allegan Water St Plant,Worker Rights - Labour Rights,High,Baseline,3.83,87.2,0.0,1257.0,"ILO SDG 8.8.2 score 3.83 (moderate labour rights constraints); working poverty rate: 87.2% (very high); work injury scheme coverage: 0 (absent or data gap); minimum wage: PPP USD 1,257/month. Baseline risk level: High."
Perrigo Company,Allegan Water St Plant,Worker Rights - Remuneration,Low,Baseline,3.83,87.2,0.0,1257.0,"ILO SDG 8.8.2 score 3.83 (moderate labour rights constraints); working poverty rate: 87.2% (very high); work injury scheme coverage: 0 (absent or data gap); minimum wage: PPP USD 1,257/month. Baseline risk level: Low."
Perrigo Company,Eau Claire Facility,Worker Rights - Labour Rights,High,Baseline,3.83,87.2,0.0,1257.0,"ILO SDG 8.8.2 score 3.83 (moderate labour rights constraints); working poverty rate: 87.2% (very high); work injury scheme coverage: 0 (absent or data gap); minimum wage: PPP USD 1,257/month. Baseline risk level: High."
Perrigo Company,Eau Claire Facility,Worker Rights - Remuneration,Low,Baseline,3.83,87.2,0.0,1257.0,"ILO SDG 8.8.2 score 3.83 (moderate labour rights constraints); working poverty rate: 87.2% (very high); work injury scheme coverage: 0 (absent or data gap); minimum wage: PPP USD 1,257/month. Baseline risk level: Low."
Perrigo Company,PBM Nutritionals (Vermont),Worker Rights - Labour Rights,High,Baseline,3.83,87.2,0.0,1257.0,"ILO SDG 8.8.2 score 3.83 (moderate labour rights constraints); working poverty rate: 87.2% (very high); work injury scheme coverage: 0 (absent or data gap); minimum wage: PPP USD 1,257/month. Baseline risk level: High."
Perrigo Company,PBM Nutritionals (Vermont),Worker Rights - Remuneration,Low,Baseline,3.83,87.2,0.0,1257.0,"ILO SDG 8.8.2 score 3.83 (moderate labour rights constraints); working poverty rate: 87.2% (very high); work injury scheme coverage: 0 (absent or data gap); minimum wage: PPP USD 1,257/month. Baseline risk level: Low."
Perrigo Company,Perrigo Direct Hub,Worker Rights - Labour Rights,High,Baseline,3.83,87.2,0.0,1257.0,"ILO SDG 8.8.2 score 3.83 (moderate labour rights constraints); working poverty rate: 87.2% (very high); work injury scheme coverage: 0 (absent or data gap); minimum wage: PPP USD 1,257/month. Baseline risk level: High."
Perrigo Company,Perrigo Direct Hub,Worker Rights - Remuneration,Low,Baseline,3.83,87.2,0.0,1257.0,"ILO SDG 8.8.2 score 3.83 (moderate labour rights constraints); working poverty rate: 87.2% (very high); work injury scheme coverage: 0 (absent or data gap); minimum wage: PPP USD 1,257/month. Baseline risk level: Low."
Perrigo Company,Omaha Logistics Center,Worker Rights - Labour Rights,High,Baseline,3.83,87.2,0.0,1257.0,"ILO SDG 8.8.2 score 3.83 (moderate labour rights constraints); working poverty rate: 87.2% (very high); work injury scheme coverage: 0 (absent or data gap); minimum wage: PPP USD 1,257/month. Baseline risk level: High."
Perrigo Company,Omaha Logistics Center,Worker Rights - Remuneration,Low,Baseline,3.83,87.2,0.0,1257.0,"ILO SDG 8.8.2 score 3.83 (moderate labour rights constraints); working poverty rate: 87.2% (very high); work injury scheme coverage: 0 (absent or data gap); minimum wage: PPP USD 1,257/month. Baseline risk level: Low."
Perrigo Company,Perrigo Israel (Yeruham),Worker Rights - Labour Rights,Very Low,Baseline,0.0,100.0,0.0,1582.856,"ILO SDG 8.8.2 score 0.0 (full compliance or data gap — requires contextual interpretation); working poverty rate: 100.0% (very high); work injury scheme coverage: 0 (absent or data gap); minimum wage: PPP USD 1,583/month. Baseline risk level: Very Low."
Perrigo Company,Perrigo Israel (Yeruham),Worker Rights - Remuneration,Very Low,Baseline,0.0,100.0,0.0,1582.856,"ILO SDG 8.8.2 score 0.0 (full compliance or data gap — requires contextual interpretation); working poverty rate: 100.0% (very high); work injury scheme coverage: 0 (absent or data gap); minimum wage: PPP USD 1,583/month. Baseline risk level: Very Low."
Perrigo Company,Perrigo Mexico,Worker Rights - Labour Rights,High,Baseline,3.81,41.7,1.575,588.706,ILO SDG 8.8.2 score 3.81 (moderate labour rights constraints); working poverty rate: 41.7% (moderate-high); work injury scheme coverage: 1.575; minimum wage: PPP USD 589/month. Baseline risk level: High.
Perrigo Company,Perrigo Mexico,Worker Rights - Remuneration,Medium,Baseline,3.81,41.7,1.575,588.706,ILO SDG 8.8.2 score 3.81 (moderate labour rights constraints); working poverty rate: 41.7% (moderate-high); work injury scheme coverage: 1.575; minimum wage: PPP USD 589/month. Baseline risk level: Medium.
Perrigo Company,Wrafton Laboratories (UK),Worker Rights - Labour Rights,Low,Baseline,1.25,81.5,0.0,2816.509,"ILO SDG 8.8.2 score 1.25 (low labour rights violations); working poverty rate: 81.5% (very high); work injury scheme coverage: 0 (absent or data gap); minimum wage: PPP USD 2,817/month. Baseline risk level: Low."
Perrigo Company,Wrafton Laboratories (UK),Worker Rights - Remuneration,Very Low,Baseline,1.25,81.5,0.0,2816.509,"ILO SDG 8.8.2 score 1.25 (low labour rights violations); working poverty rate: 81.5% (very high); work injury scheme coverage: 0 (absent or data gap); minimum wage: PPP USD 2,817/month. Baseline risk level: Very Low."
Perrigo Company,Galpharm International,Worker Rights - Labour Rights,Low,Baseline,1.25,81.5,0.0,2816.509,"ILO SDG 8.8.2 score 1.25 (low labour rights violations); working poverty rate: 81.5% (very high); work injury scheme coverage: 0 (absent or data gap); minimum wage: PPP USD 2,817/month. Baseline risk level: Low."
Perrigo Company,Galpharm International,Worker Rights - Remuneration,Very Low,Baseline,1.25,81.5,0.0,2816.509,"ILO SDG 8.8.2 score 1.25 (low labour rights violations); working poverty rate: 81.5% (very high); work injury scheme coverage: 0 (absent or data gap); minimum wage: PPP USD 2,817/month. Baseline risk level: Very Low."
Perrigo Company,Rosemont Pharmaceuticals,Worker Rights - Labour Rights,Low,Baseline,1.25,81.5,0.0,2816.509,"ILO SDG 8.8.2 score 1.25 (low labour rights violations); working poverty rate: 81.5% (very high); work injury scheme coverage: 0 (absent or data gap); minimum wage: PPP USD 2,817/month. Baseline risk level: Low."
Perrigo Company,Rosemont Pharmaceuticals,Worker Rights - Remuneration,Very Low,Baseline,1.25,81.5,0.0,2816.509,"ILO SDG 8.8.2 score 1.25 (low labour rights violations); working poverty rate: 81.5% (very high); work injury scheme coverage: 0 (absent or data gap); minimum wage: PPP USD 2,817/month. Baseline risk level: Very Low."
Perrigo Company,HRA Pharma Global HQ,Worker Rights - Labour Rights,Low,Baseline,0.68,92.8,0.0,2376.898,"ILO SDG 8.8.2 score 0.68 (low labour rights violations); working poverty rate: 92.8% (very high); work injury scheme coverage: 0 (absent or data gap); minimum wage: PPP USD 2,377/month. Baseline risk level: Low."
Perrigo Company,HRA Pharma Global HQ,Worker Rights - Remuneration,Very Low,Baseline,0.68,92.8,0.0,2376.898,"ILO SDG 8.8.2 score 0.68 (low labour rights violations); working poverty rate: 92.8% (very high); work injury scheme coverage: 0 (absent or data gap); minimum wage: PPP USD 2,377/month. Baseline risk level: Very Low."
Perrigo Company,HRA Pharma US,Worker Rights - Labour Rights,High,Baseline,3.83,87.2,0.0,1257.0,"ILO SDG 8.8.2 score 3.83 (moderate labour rights constraints); working poverty rate: 87.2% (very high); work injury scheme coverage: 0 (absent or data gap); minimum wage: PPP USD 1,257/month. Baseline risk level: High."
Perrigo Company,HRA Pharma US,Worker Rights - Remuneration,Low,Baseline,3.83,87.2,0.0,1257.0,"ILO SDG 8.8.2 score 3.83 (moderate labour rights constraints); working poverty rate: 87.2% (very high); work injury scheme coverage: 0 (absent or data gap); minimum wage: PPP USD 1,257/month. Baseline risk level: Low."
The Hain Celestial Group,Global Headquarters,Worker Rights - Labour Rights,High,Baseline,3.83,87.2,0.0,1257.0,"ILO SDG 8.8.2 score 3.83 (moderate labour rights constraints); working poverty rate: 87.2% (very high); work injury scheme coverage: 0 (absent or data gap); minimum wage: PPP USD 1,257/month. Baseline risk level: High."
The Hain Celestial Group,Global Headquarters,Worker Rights - Remuneration,Low,Baseline,3.83,87.2,0.0,1257.0,"ILO SDG 8.8.2 score 3.83 (moderate labour rights constraints); working poverty rate: 87.2% (very high); work injury scheme coverage: 0 (absent or data gap); minimum wage: PPP USD 1,257/month. Baseline risk level: Low."
The Hain Celestial Group,Celestial Seasonings,Worker Rights - Labour Rights,High,Baseline,3.83,87.2,0.0,1257.0,"ILO SDG 8.8.2 score 3.83 (moderate labour rights constraints); working poverty rate: 87.2% (very high); work injury scheme coverage: 0 (absent or data gap); minimum wage: PPP USD 1,257/month. Baseline risk level: High."
The Hain Celestial Group,Celestial Seasonings,Worker Rights - Remuneration,Low,Baseline,3.83,87.2,0.0,1257.0,"ILO SDG 8.8.2 score 3.83 (moderate labour rights constraints); working poverty rate: 87.2% (very high); work injury scheme coverage: 0 (absent or data gap); minimum wage: PPP USD 1,257/month. Baseline risk level: Low."
The Hain Celestial Group,Hain Personal Care Hub,Worker Rights - Labour Rights,High,Baseline,3.83,87.2,0.0,1257.0,"ILO SDG 8.8.2 score 3.83 (moderate labour rights constraints); working poverty rate: 87.2% (very high); work injury scheme coverage: 0 (absent or data gap); minimum wage: PPP USD 1,257/month. Baseline risk level: High."
The Hain Celestial Group,Hain Personal Care Hub,Worker Rights - Remuneration,Low,Baseline,3.83,87.2,0.0,1257.0,"ILO SDG 8.8.2 score 3.83 (moderate labour rights constraints); working poverty rate: 87.2% (very high); work injury scheme coverage: 0 (absent or data gap); minimum wage: PPP USD 1,257/month. Baseline risk level: Low."
The Hain Celestial Group,Hain Celestial Canada HQ,Worker Rights - Labour Rights,Medium,Baseline,1.55,84.5,0.0,2408.556,"ILO SDG 8.8.2 score 1.55 (low labour rights violations); working poverty rate: 84.5% (very high); work injury scheme coverage: 0 (absent or data gap); minimum wage: PPP USD 2,409/month. Baseline risk level: Medium."
The Hain Celestial Group,Hain Celestial Canada HQ,Worker Rights - Remuneration,Very Low,Baseline,1.55,84.5,0.0,2408.556,"ILO SDG 8.8.2 score 1.55 (low labour rights violations); working poverty rate: 84.5% (very high); work injury scheme coverage: 0 (absent or data gap); minimum wage: PPP USD 2,409/month. Baseline risk level: Very Low."
The Hain Celestial Group,Mississauga Facility,Worker Rights - Labour Rights,Medium,Baseline,1.55,84.5,0.0,2408.556,"ILO SDG 8.8.2 score 1.55 (low labour rights violations); working poverty rate: 84.5% (very high); work injury scheme coverage: 0 (absent or data gap); minimum wage: PPP USD 2,409/month. Baseline risk level: Medium."
The Hain Celestial Group,Mississauga Facility,Worker Rights - Remuneration,Very Low,Baseline,1.55,84.5,0.0,2408.556,"ILO SDG 8.8.2 score 1.55 (low labour rights violations); working poverty rate: 84.5% (very high); work injury scheme coverage: 0 (absent or data gap); minimum wage: PPP USD 2,409/month. Baseline risk level: Very Low."
The Hain Celestial Group,Hain Daniels (Fakenham),Worker Rights - Labour Rights,Low,Baseline,1.25,81.5,0.0,2816.509,"ILO SDG 8.8.2 score 1.25 (low labour rights violations); working poverty rate: 81.5% (very high); work injury scheme coverage: 0 (absent or data gap); minimum wage: PPP USD 2,817/month. Baseline risk level: Low."
The Hain Celestial Group,Hain Daniels (Fakenham),Worker Rights - Remuneration,Very Low,Baseline,1.25,81.5,0.0,2816.509,"ILO SDG 8.8.2 score 1.25 (low labour rights violations); working poverty rate: 81.5% (very high); work injury scheme coverage: 0 (absent or data gap); minimum wage: PPP USD 2,817/month. Baseline risk level: Very Low."
The Hain Celestial Group,Hain Daniels (Histon),Worker Rights - Labour Rights,Low,Baseline,1.25,81.5,0.0,2816.509,"ILO SDG 8.8.2 score 1.25 (low labour rights violations); working poverty rate: 81.5% (very high); work injury scheme coverage: 0 (absent or data gap); minimum wage: PPP USD 2,817/month. Baseline risk level: Low."
The Hain Celestial Group,Hain Daniels (Histon),Worker Rights - Remuneration,Very Low,Baseline,1.25,81.5,0.0,2816.509,"ILO SDG 8.8.2 score 1.25 (low labour rights violations); working poverty rate: 81.5% (very high); work injury scheme coverage: 0 (absent or data gap); minimum wage: PPP USD 2,817/month. Baseline risk level: Very Low."
The Hain Celestial Group,Fresh Innovation Centre,Worker Rights - Labour Rights,Low,Baseline,1.25,81.5,0.0,2816.509,"ILO SDG 8.8.2 score 1.25 (low labour rights violations); working poverty rate: 81.5% (very high); work injury scheme coverage: 0 (absent or data gap); minimum wage: PPP USD 2,817/month. Baseline risk level: Low."
The Hain Celestial Group,Fresh Innovation Centre,Worker Rights - Remuneration,Very Low,Baseline,1.25,81.5,0.0,2816.509,"ILO SDG 8.8.2 score 1.25 (low labour rights violations); working poverty rate: 81.5% (very high); work injury scheme coverage: 0 (absent or data gap); minimum wage: PPP USD 2,817/month. Baseline risk level: Very Low."
The Hain Celestial Group,Ella’s Kitchen HQ,Worker Rights - Labour Rights,Low,Baseline,1.25,81.5,0.0,2816.509,"ILO SDG 8.8.2 score 1.25 (low labour rights violations); working poverty rate: 81.5% (very high); work injury scheme coverage: 0 (absent or data gap); minimum wage: PPP USD 2,817/month. Baseline risk level: Low."
The Hain Celestial Group,Ella’s Kitchen HQ,Worker Rights - Remuneration,Very Low,Baseline,1.25,81.5,0.0,2816.509,"ILO SDG 8.8.2 score 1.25 (low labour rights violations); working poverty rate: 81.5% (very high); work injury scheme coverage: 0 (absent or data gap); minimum wage: PPP USD 2,817/month. Baseline risk level: Very Low."
The Hain Celestial Group,Natumi GmbH,Worker Rights - Labour Rights,Very Low,Baseline,0.38,100.0,0.0,2922.223,"ILO SDG 8.8.2 score 0.38 (low labour rights violations); working poverty rate: 100.0% (very high); work injury scheme coverage: 0 (absent or data gap); minimum wage: PPP USD 2,922/month. Baseline risk level: Very Low."
The Hain Celestial Group,Natumi GmbH,Worker Rights - Remuneration,Very Low,Baseline,0.38,100.0,0.0,2922.223,"ILO SDG 8.8.2 score 0.38 (low labour rights violations); working poverty rate: 100.0% (very high); work injury scheme coverage: 0 (absent or data gap); minimum wage: PPP USD 2,922/month. Baseline risk level: Very Low."
The Hain Celestial Group,Mona Naturprodukte (Joya),Worker Rights - Labour Rights,Very Low,Baseline,0.17,100.0,0.0,0.0,ILO SDG 8.8.2 score 0.17 (low labour rights violations); working poverty rate: 100.0% (very high); work injury scheme coverage: 0 (absent or data gap); minimum wage: not reported / data gap. Baseline risk level: Very Low.
The Hain Celestial Group,Mona Naturprodukte (Joya),Worker Rights - Remuneration,Low,Baseline,0.17,100.0,0.0,0.0,ILO SDG 8.8.2 score 0.17 (low labour rights violations); working poverty rate: 100.0% (very high); work injury scheme coverage: 0 (absent or data gap); minimum wage: not reported / data gap. Baseline risk level: Low.
The Hain Celestial Group,Cully & Sully,Worker Rights - Labour Rights,Low,Baseline,0.72,82.8,0.0,2365.788,"ILO SDG 8.8.2 score 0.72 (low labour rights violations); working poverty rate: 82.8% (very high); work injury scheme coverage: 0 (absent or data gap); minimum wage: PPP USD 2,366/month. Baseline risk level: Low."
The Hain Celestial Group,Cully & Sully,Worker Rights - Remuneration,Very Low,Baseline,0.72,82.8,0.0,2365.788,"ILO SDG 8.8.2 score 0.72 (low labour rights violations); working poverty rate: 82.8% (very high); work injury scheme coverage: 0 (absent or data gap); minimum wage: PPP USD 2,366/month. Baseline risk level: Very Low."
The Hain Celestial Group,Yorkshire Provender,Worker Rights - Labour Rights,Low,Baseline,1.25,81.5,0.0,2816.509,"ILO SDG 8.8.2 score 1.25 (low labour rights violations); working poverty rate: 81.5% (very high); work injury scheme coverage: 0 (absent or data gap); minimum wage: PPP USD 2,817/month. Baseline risk level: Low."
The Hain Celestial Group,Yorkshire Provender,Worker Rights - Remuneration,Very Low,Baseline,1.25,81.5,0.0,2816.509,"ILO SDG 8.8.2 score 1.25 (low labour rights violations); working poverty rate: 81.5% (very high); work injury scheme coverage: 0 (absent or data gap); minimum wage: PPP USD 2,817/month. Baseline risk level: Very Low."
ZURU LLC.,ZURU Global HQ,Worker Rights - Labour Rights,Very Low,Baseline,0.0,77.7,0.0,1186.436,"ILO SDG 8.8.2 score 0.0 (full compliance or data gap — requires contextual interpretation); working poverty rate: 77.7% (very high); work injury scheme coverage: 0 (absent or data gap); minimum wage: PPP USD 1,186/month. Baseline risk level: Very Low."
ZURU LLC.,ZURU Global HQ,Worker Rights - Remuneration,Very Low,Baseline,0.0,77.7,0.0,1186.436,"ILO SDG 8.8.2 score 0.0 (full compliance or data gap — requires contextual interpretation); working poverty rate: 77.7% (very high); work injury scheme coverage: 0 (absent or data gap); minimum wage: PPP USD 1,186/month. Baseline risk level: Very Low."
ZURU LLC.,ZURU US Flagship Campus,Worker Rights - Labour Rights,High,Baseline,3.83,87.2,0.0,1257.0,"ILO SDG 8.8.2 score 3.83 (moderate labour rights constraints); working poverty rate: 87.2% (very high); work injury scheme coverage: 0 (absent or data gap); minimum wage: PPP USD 1,257/month. Baseline risk level: High."
ZURU LLC.,ZURU US Flagship Campus,Worker Rights - Remuneration,Low,Baseline,3.83,87.2,0.0,1257.0,"ILO SDG 8.8.2 score 3.83 (moderate labour rights constraints); working poverty rate: 87.2% (very high); work injury scheme coverage: 0 (absent or data gap); minimum wage: PPP USD 1,257/month. Baseline risk level: Low."
ZURU LLC.,ZURU Shenzhen Hub,Worker Rights - Labour Rights,Very High,Baseline,9.32,35.9,0.09,543.541,ILO SDG 8.8.2 score 9.32 (significant labour rights constraints); working poverty rate: 35.9% (moderate-high); work injury scheme coverage: 0.09; minimum wage: PPP USD 544/month. Baseline risk level: Very High.
ZURU LLC.,ZURU Shenzhen Hub,Worker Rights - Remuneration,Very High,Baseline,9.32,35.9,0.09,543.541,ILO SDG 8.8.2 score 9.32 (significant labour rights constraints); working poverty rate: 35.9% (moderate-high); work injury scheme coverage: 0.09; minimum wage: PPP USD 544/month. Baseline risk level: Very High.
ZURU LLC.,ZURU Huizhou Smart Factory,Worker Rights - Labour Rights,Very High,Baseline,9.32,35.9,0.09,543.541,ILO SDG 8.8.2 score 9.32 (significant labour rights constraints); working poverty rate: 35.9% (moderate-high); work injury scheme coverage: 0.09; minimum wage: PPP USD 544/month. Baseline risk level: Very High.
ZURU LLC.,ZURU Huizhou Smart Factory,Worker Rights - Remuneration,Very High,Baseline,9.32,35.9,0.09,543.541,ILO SDG 8.8.2 score 9.32 (significant labour rights constraints); working poverty rate: 35.9% (moderate-high); work injury scheme coverage: 0.09; minimum wage: PPP USD 544/month. Baseline risk level: Very High.
ZURU LLC.,ZURU Guangzhou Plant,Worker Rights - Labour Rights,Very High,Baseline,9.32,35.9,0.09,543.541,ILO SDG 8.8.2 score 9.32 (significant labour rights constraints); working poverty rate: 35.9% (moderate-high); work injury scheme coverage: 0.09; minimum wage: PPP USD 544/month. Baseline risk level: Very High.
ZURU LLC.,ZURU Guangzhou Plant,Worker Rights - Remuneration,Very High,Baseline,9.32,35.9,0.09,543.541,ILO SDG 8.8.2 score 9.32 (significant labour rights constraints); working poverty rate: 35.9% (moderate-high); work injury scheme coverage: 0.09; minimum wage: PPP USD 544/month. Baseline risk level: Very High.
ZURU LLC.,ZURU New Zealand HQ,Worker Rights - Labour Rights,Medium,Baseline,1.79,100.0,0.0,2698.28,"ILO SDG 8.8.2 score 1.79 (low labour rights violations); working poverty rate: 100.0% (very high); work injury scheme coverage: 0 (absent or data gap); minimum wage: PPP USD 2,698/month. Baseline risk level: Medium."
ZURU LLC.,ZURU New Zealand HQ,Worker Rights - Remuneration,Very Low,Baseline,1.79,100.0,0.0,2698.28,"ILO SDG 8.8.2 score 1.79 (low labour rights violations); working poverty rate: 100.0% (very high); work injury scheme coverage: 0 (absent or data gap); minimum wage: PPP USD 2,698/month. Baseline risk level: Very Low."
ZURU LLC.,ZURU Tech Italy (Modena),Worker Rights - Labour Rights,Low,Baseline,0.54,100.0,0.0,0.0,ILO SDG 8.8.2 score 0.54 (low labour rights violations); working poverty rate: 100.0% (very high); work injury scheme coverage: 0 (absent or data gap); minimum wage: not reported / data gap. Baseline risk level: Low.
ZURU LLC.,ZURU Tech Italy (Modena),Worker Rights - Remuneration,Low,Baseline,0.54,100.0,0.0,0.0,ILO SDG 8.8.2 score 0.54 (low labour rights violations); working poverty rate: 100.0% (very high); work injury scheme coverage: 0 (absent or data gap); minimum wage: not reported / data gap. Baseline risk level: Low.
ZURU LLC.,ZURU Tech India (Ahmedabad),Worker Rights - Labour Rights,Very High,Baseline,5.29,8.3,5.178,232.599,ILO SDG 8.8.2 score 5.29 (significant labour rights constraints); working poverty rate: 8.3% (low); work injury scheme coverage: 5.178; minimum wage: PPP USD 233/month. Baseline risk level: Very High.
ZURU LLC.,ZURU Tech India (Ahmedabad),Worker Rights - Remuneration,Very High,Baseline,5.29,8.3,5.178,232.599,ILO SDG 8.8.2 score 5.29 (significant labour rights constraints); working poverty rate: 8.3% (low); work injury scheme coverage: 5.178; minimum wage: PPP USD 233/month. Baseline risk level: Very High.
ZURU LLC.,ZURU Tech India (Kolkata),Worker Rights - Labour Rights,Very High,Baseline,5.29,8.3,5.178,232.599,ILO SDG 8.8.2 score 5.29 (significant labour rights constraints); working poverty rate: 8.3% (low); work injury scheme coverage: 5.178; minimum wage: PPP USD 233/month. Baseline risk level: Very High.
ZURU LLC.,ZURU Tech India (Kolkata),Worker Rights - Remuneration,Very High,Baseline,5.29,8.3,5.178,232.599,ILO SDG 8.8.2 score 5.29 (significant labour rights constraints); working poverty rate: 8.3% (low); work injury scheme coverage: 5.178; minimum wage: PPP USD 233/month. Baseline risk level: Very High.
ZURU LLC.,ZURU Bentonville Office,Worker Rights - Labour Rights,High,Baseline,3.83,87.2,0.0,1257.0,"ILO SDG 8.8.2 score 3.83 (moderate labour rights constraints); working poverty rate: 87.2% (very high); work injury scheme coverage: 0 (absent or data gap); minimum wage: PPP USD 1,257/month. Baseline risk level: High."
ZURU LLC.,ZURU Bentonville Office,Worker Rights - Remuneration,Low,Baseline,3.83,87.2,0.0,1257.0,"ILO SDG 8.8.2 score 3.83 (moderate labour rights constraints); working poverty rate: 87.2% (very high); work injury scheme coverage: 0 (absent or data gap); minimum wage: PPP USD 1,257/month. Baseline risk level: Low."
ZURU LLC.,ZURU Tech Italy (Milan),Worker Rights - Labour Rights,Low,Baseline,0.54,100.0,0.0,0.0,ILO SDG 8.8.2 score 0.54 (low labour rights violations); working poverty rate: 100.0% (very high); work injury scheme coverage: 0 (absent or data gap); minimum wage: not reported / data gap. Baseline risk level: Low.
ZURU LLC.,ZURU Tech Italy (Milan),Worker Rights - Remuneration,Low,Baseline,0.54,100.0,0.0,0.0,ILO SDG 8.8.2 score 0.54 (low labour rights violations); working poverty rate: 100.0% (very high); work injury scheme coverage: 0 (absent or data gap); minimum wage: not reported / data gap. Baseline risk level: Low.
ZURU LLC.,ZURU Dongguan Tech Center,Worker Rights - Labour Rights,Very High,Baseline,9.32,35.9,0.09,543.541,ILO SDG 8.8.2 score 9.32 (significant labour rights constraints); working poverty rate: 35.9% (moderate-high); work injury scheme coverage: 0.09; minimum wage: PPP USD 544/month. Baseline risk level: Very High.
ZURU LLC.,ZURU Dongguan Tech Center,Worker Rights - Remuneration,Very High,Baseline,9.32,35.9,0.09,543.541,ILO SDG 8.8.2 score 9.32 (significant labour rights constraints); working poverty rate: 35.9% (moderate-high); work injury scheme coverage: 0.09; minimum wage: PPP USD 544/month. Baseline risk level: Very High.
John Paul Mitchell Systems,Global Headquarters,Worker Rights - Labour Rights,High,Baseline,3.83,87.2,0.0,1257.0,"ILO SDG 8.8.2 score 3.83 (moderate labour rights constraints); working poverty rate: 87.2% (very high); work injury scheme coverage: 0 (absent or data gap); minimum wage: PPP USD 1,257/month. Baseline risk level: High."
John Paul Mitchell Systems,Global Headquarters,Worker Rights - Remuneration,Low,Baseline,3.83,87.2,0.0,1257.0,"ILO SDG 8.8.2 score 3.83 (moderate labour rights constraints); working poverty rate: 87.2% (very high); work injury scheme coverage: 0 (absent or data gap); minimum wage: PPP USD 1,257/month. Baseline risk level: Low."
John Paul Mitchell Systems,JPMS Creative Center,Worker Rights - Labour Rights,High,Baseline,3.83,87.2,0.0,1257.0,"ILO SDG 8.8.2 score 3.83 (moderate labour rights constraints); working poverty rate: 87.2% (very high); work injury scheme coverage: 0 (absent or data gap); minimum wage: PPP USD 1,257/month. Baseline risk level: High."
John Paul Mitchell Systems,JPMS Creative Center,Worker Rights - Remuneration,Low,Baseline,3.83,87.2,0.0,1257.0,"ILO SDG 8.8.2 score 3.83 (moderate labour rights constraints); working poverty rate: 87.2% (very high); work injury scheme coverage: 0 (absent or data gap); minimum wage: PPP USD 1,257/month. Baseline risk level: Low."
John Paul Mitchell Systems,Santa Clarita DC,Worker Rights - Labour Rights,High,Baseline,3.83,87.2,0.0,1257.0,"ILO SDG 8.8.2 score 3.83 (moderate labour rights constraints); working poverty rate: 87.2% (very high); work injury scheme coverage: 0 (absent or data gap); minimum wage: PPP USD 1,257/month. Baseline risk level: High."
John Paul Mitchell Systems,Santa Clarita DC,Worker Rights - Remuneration,Low,Baseline,3.83,87.2,0.0,1257.0,"ILO SDG 8.8.2 score 3.83 (moderate labour rights constraints); working poverty rate: 87.2% (very high); work injury scheme coverage: 0 (absent or data gap); minimum wage: PPP USD 1,257/month. Baseline risk level: Low."
John Paul Mitchell Systems,The Awapuhi Farm,Worker Rights - Labour Rights,High,Baseline,3.83,87.2,0.0,1257.0,"ILO SDG 8.8.2 score 3.83 (moderate labour rights constraints); working poverty rate: 87.2% (very high); work injury scheme coverage: 0 (absent or data gap); minimum wage: PPP USD 1,257/month. Baseline risk level: High."
John Paul Mitchell Systems,The Awapuhi Farm,Worker Rights - Remuneration,Low,Baseline,3.83,87.2,0.0,1257.0,"ILO SDG 8.8.2 score 3.83 (moderate labour rights constraints); working poverty rate: 87.2% (very high); work injury scheme coverage: 0 (absent or data gap); minimum wage: PPP USD 1,257/month. Baseline risk level: Low."
John Paul Mitchell Systems,JPMS UK (Salon Success),Worker Rights - Labour Rights,Low,Baseline,1.25,81.5,0.0,2816.509,"ILO SDG 8.8.2 score 1.25 (low labour rights violations); working poverty rate: 81.5% (very high); work injury scheme coverage: 0 (absent or data gap); minimum wage: PPP USD 2,817/month. Baseline risk level: Low."
John Paul Mitchell Systems,JPMS UK (Salon Success),Worker Rights - Remuneration,Very Low,Baseline,1.25,81.5,0.0,2816.509,"ILO SDG 8.8.2 score 1.25 (low labour rights violations); working poverty rate: 81.5% (very high); work injury scheme coverage: 0 (absent or data gap); minimum wage: PPP USD 2,817/month. Baseline risk level: Very Low."
John Paul Mitchell Systems,JPMS European Hub,Worker Rights - Labour Rights,Very Low,Baseline,0.35,80.1,0.0,3804.362,"ILO SDG 8.8.2 score 0.35 (low labour rights violations); working poverty rate: 80.1% (very high); work injury scheme coverage: 0 (absent or data gap); minimum wage: PPP USD 3,804/month. Baseline risk level: Very Low."
John Paul Mitchell Systems,JPMS European Hub,Worker Rights - Remuneration,Very Low,Baseline,0.35,80.1,0.0,3804.362,"ILO SDG 8.8.2 score 0.35 (low labour rights violations); working poverty rate: 80.1% (very high); work injury scheme coverage: 0 (absent or data gap); minimum wage: PPP USD 3,804/month. Baseline risk level: Very Low."
John Paul Mitchell Systems,Pro-motive (Subsidiary),Worker Rights - Labour Rights,High,Baseline,3.83,87.2,0.0,1257.0,"ILO SDG 8.8.2 score 3.83 (moderate labour rights constraints); working poverty rate: 87.2% (very high); work injury scheme coverage: 0 (absent or data gap); minimum wage: PPP USD 1,257/month. Baseline risk level: High."
John Paul Mitchell Systems,Pro-motive (Subsidiary),Worker Rights - Remuneration,Low,Baseline,3.83,87.2,0.0,1257.0,"ILO SDG 8.8.2 score 3.83 (moderate labour rights constraints); working poverty rate: 87.2% (very high); work injury scheme coverage: 0 (absent or data gap); minimum wage: PPP USD 1,257/month. Baseline risk level: Low."
John Paul Mitchell Systems,Distribution Center East,Worker Rights - Labour Rights,High,Baseline,3.83,87.2,0.0,1257.0,"ILO SDG 8.8.2 score 3.83 (moderate labour rights constraints); working poverty rate: 87.2% (very high); work injury scheme coverage: 0 (absent or data gap); minimum wage: PPP USD 1,257/month. Baseline risk level: High."
John Paul Mitchell Systems,Distribution Center East,Worker Rights - Remuneration,Low,Baseline,3.83,87.2,0.0,1257.0,"ILO SDG 8.8.2 score 3.83 (moderate labour rights constraints); working poverty rate: 87.2% (very high); work injury scheme coverage: 0 (absent or data gap); minimum wage: PPP USD 1,257/month. Baseline risk level: Low."
"Natural Organics, Inc.",Global Headquarters,Worker Rights - Labour Rights,High,Baseline,3.83,87.2,0.0,1257.0,"ILO SDG 8.8.2 score 3.83 (moderate labour rights constraints); working poverty rate: 87.2% (very high); work injury scheme coverage: 0 (absent or data gap); minimum wage: PPP USD 1,257/month. Baseline risk level: High."
"Natural Organics, Inc.",Global Headquarters,Worker Rights - Remuneration,Low,Baseline,3.83,87.2,0.0,1257.0,"ILO SDG 8.8.2 score 3.83 (moderate labour rights constraints); working poverty rate: 87.2% (very high); work injury scheme coverage: 0 (absent or data gap); minimum wage: PPP USD 1,257/month. Baseline risk level: Low."
"Natural Organics, Inc.",Melville Manufacturing,Worker Rights - Labour Rights,High,Baseline,3.83,87.2,0.0,1257.0,"ILO SDG 8.8.2 score 3.83 (moderate labour rights constraints); working poverty rate: 87.2% (very high); work injury scheme coverage: 0 (absent or data gap); minimum wage: PPP USD 1,257/month. Baseline risk level: High."
"Natural Organics, Inc.",Melville Manufacturing,Worker Rights - Remuneration,Low,Baseline,3.83,87.2,0.0,1257.0,"ILO SDG 8.8.2 score 3.83 (moderate labour rights constraints); working poverty rate: 87.2% (very high); work injury scheme coverage: 0 (absent or data gap); minimum wage: PPP USD 1,257/month. Baseline risk level: Low."
"Natural Organics, Inc.","The ""Pharma-Lab""",Worker Rights - Labour Rights,High,Baseline,3.83,87.2,0.0,1257.0,"ILO SDG 8.8.2 score 3.83 (moderate labour rights constraints); working poverty rate: 87.2% (very high); work injury scheme coverage: 0 (absent or data gap); minimum wage: PPP USD 1,257/month. Baseline risk level: High."
"Natural Organics, Inc.","The ""Pharma-Lab""",Worker Rights - Remuneration,Low,Baseline,3.83,87.2,0.0,1257.0,"ILO SDG 8.8.2 score 3.83 (moderate labour rights constraints); working poverty rate: 87.2% (very high); work injury scheme coverage: 0 (absent or data gap); minimum wage: PPP USD 1,257/month. Baseline risk level: Low."
"Natural Organics, Inc.",Melville Distribution,Worker Rights - Labour Rights,High,Baseline,3.83,87.2,0.0,1257.0,"ILO SDG 8.8.2 score 3.83 (moderate labour rights constraints); working poverty rate: 87.2% (very high); work injury scheme coverage: 0 (absent or data gap); minimum wage: PPP USD 1,257/month. Baseline risk level: High."
"Natural Organics, Inc.",Melville Distribution,Worker Rights - Remuneration,Low,Baseline,3.83,87.2,0.0,1257.0,"ILO SDG 8.8.2 score 3.83 (moderate labour rights constraints); working poverty rate: 87.2% (very high); work injury scheme coverage: 0 (absent or data gap); minimum wage: PPP USD 1,257/month. Baseline risk level: Low."
"Natural Organics, Inc.",Amityville Facility,Worker Rights - Labour Rights,High,Baseline,3.83,87.2,0.0,1257.0,"ILO SDG 8.8.2 score 3.83 (moderate labour rights constraints); working poverty rate: 87.2% (very high); work injury scheme coverage: 0 (absent or data gap); minimum wage: PPP USD 1,257/month. Baseline risk level: High."
"Natural Organics, Inc.",Amityville Facility,Worker Rights - Remuneration,Low,Baseline,3.83,87.2,0.0,1257.0,"ILO SDG 8.8.2 score 3.83 (moderate labour rights constraints); working poverty rate: 87.2% (very high); work injury scheme coverage: 0 (absent or data gap); minimum wage: PPP USD 1,257/month. Baseline risk level: Low."
"Natural Organics, Inc.",Nature’s Plus UK,Worker Rights - Labour Rights,Low,Baseline,1.25,81.5,0.0,2816.509,"ILO SDG 8.8.2 score 1.25 (low labour rights violations); working poverty rate: 81.5% (very high); work injury scheme coverage: 0 (absent or data gap); minimum wage: PPP USD 2,817/month. Baseline risk level: Low."
"Natural Organics, Inc.",Nature’s Plus UK,Worker Rights - Remuneration,Very Low,Baseline,1.25,81.5,0.0,2816.509,"ILO SDG 8.8.2 score 1.25 (low labour rights violations); working poverty rate: 81.5% (very high); work injury scheme coverage: 0 (absent or data gap); minimum wage: PPP USD 2,817/month. Baseline risk level: Very Low."
"Natural Organics, Inc.",Euro-Nutrition Hub,Worker Rights - Labour Rights,Low,Baseline,0.73,100.0,0.0,2735.655,"ILO SDG 8.8.2 score 0.73 (low labour rights violations); working poverty rate: 100.0% (very high); work injury scheme coverage: 0 (absent or data gap); minimum wage: PPP USD 2,736/month. Baseline risk level: Low."
"Natural Organics, Inc.",Euro-Nutrition Hub,Worker Rights - Remuneration,Very Low,Baseline,0.73,100.0,0.0,2735.655,"ILO SDG 8.8.2 score 0.73 (low labour rights violations); working poverty rate: 100.0% (very high); work injury scheme coverage: 0 (absent or data gap); minimum wage: PPP USD 2,736/month. Baseline risk level: Very Low."
